,Date,SMA_25,SMA_50,OBV,ADL,ADX,MACD,RSI,Sto_Osc,GPT Sent
0,2019-03-14,-1.4123147186776632,-1.5486544352911105,-1.6416415435259262,2.247893510873288,0.6299214527417867,0.1103053718720412,1.2135759168448614,-0.4471269750552092,-0.4491248930622486
1,2019-03-15,-1.3988975542774538,-1.5347622050973422,-1.4357333438601505,2.2312888327537403,0.6859863765492834,-0.0354888465717115,1.5378641640546078,0.0640145512728311,-2.2250378120623173
2,2019-03-18,-1.3856799016155388,-1.5166024270662708,-1.290417949755134,2.212655329130554,0.7504111184363166,-0.1408830381358419,1.640214521937999,0.2251332119625511,-1.652162676901005
3,2019-03-19,-1.3720382865097502,-1.5014908974904164,-1.1322189086354288,2.191172370284637,0.8328159339070517,-0.194566142756069,1.6878947057937346,0.2506652940222181,0.1810377556151952
4,2019-03-20,-1.3610152629690582,-1.4873132993561586,-1.2664350726669011,2.1798091782358884,0.8486905479945378,-0.1702469097730622,1.4524080677356872,0.1304845724341236,0.06646272858293269
5,2019-03-21,-1.3458024929242118,-1.4715013211991057,-0.9993200007981606,2.171246269794342,0.9615779744610892,-0.3478349393053214,1.9999004208144284,0.7545386201705786,0.06646272858293269
6,2019-03-22,-1.3351036759582462,-1.4588802754675112,-1.2612767169978505,2.154581370276601,1.0664020133228866,-0.1996262163572636,0.505320820833621,-0.0159646487252105,0.06646272858293269
7,2019-03-25,-1.3264747932770706,-1.447011563397205,-1.4762186498497525,2.135377586970173,1.040148232907511,-0.031378545953112,0.2811297652293455,-0.1572995678717766,-0.6973707849654841
8,2019-03-26,-1.3169481077735767,-1.4344942878257887,-1.3394482819859492,2.1245745806389604,1.0623813356865943,0.0522733232358626,0.445980689334357,0.0159496878562687,0.06646272858293269
9,2019-03-27,-1.308618492699842,-1.421769471934018,-1.4944947225932803,2.1151747646687262,0.9900220581995072,0.1784108280824125,0.1473958564930573,-0.1664179497521984,0.12375024209906393
10,2019-03-28,-1.2996404644766535,-1.4098488747836222,-1.3912717849720584,2.103664284498568,0.9228313005329266,0.2357510130567199,0.2853312066138794,-0.5679166432442625,0.06646272858293269
11,2019-03-29,-1.2910614597300514,-1.397098116351806,-1.2507592342695533,2.0810821699614803,0.8996174283771418,0.1951910436817407,0.5930383983211559,-0.9297024996593298,0.4101878096797202
12,2019-04-01,-1.280861422109818,-1.3836079955287244,-1.1274513226477811,2.0689160776088573,0.9583087840897369,0.059095622876844,0.963357582513276,-0.7491106084708896,-1.0792875417396923
13,2019-04-02,-1.2704119948167192,-1.3709999210671535,-1.0120116907763708,2.0507619527412397,1.0307741672174566,-0.0375575881910077,1.050463419861973,-0.6589380020977463,0.06646272858293269
14,2019-04-03,-1.2583415346499882,-1.356277529591964,-0.8761825000148952,2.032775659591062,1.1522076767883374,-0.1466005958100924,1.2447910558546742,-0.3598017035410722,1.2122129989055577
15,2019-04-04,-1.2465454031234109,-1.3422166728879072,-0.9888407136026326,2.0221204993565407,1.1898950188415656,-0.1445282655692161,0.9838495777341932,-0.5967032253238256,0.06646272858293269
16,2019-04-05,-1.235048539204272,-1.3283892990442492,-0.9231267685329556,2.0043314995661707,1.2248904078909917,-0.1545888826610101,1.1077130530048909,-0.3432261657550083,0.06646272858293269
17,2019-04-08,-1.2222049710516565,-1.3153402014019229,-0.8515356082800671,1.997560180223772,1.2139957615617785,-0.1636490880220182,1.208117919650031,-0.1344803519924542,0.06646272858293269
18,2019-04-09,-1.2097354874083397,-1.3016555115285084,-0.9831642698096156,1.9726331640675356,1.2038793042560798,-0.0904479381208685,0.8804149722934527,-0.3954126191956416,0.06646272858293269
19,2019-04-10,-1.1951212525783728,-1.2864402117924758,-0.898767812352846,1.959221296511517,1.2153409676060625,-0.0795157862298539,1.0835262721871404,-0.0383338811215269,-1.0792875417396923
20,2019-04-11,-1.1791353745476398,-1.273819166060883,-0.9741530621940968,1.9436474901916725,1.2399613232661364,-0.0310634244653341,0.9961362225835636,-0.1252231747402838,0.06646272858293269
21,2019-04-12,-1.1618776091852898,-1.260458757938023,-0.8903677332616269,1.9306064851812847,1.2846674038798909,-0.0371530778987795,1.1972299422821586,0.1702992102236669,0.06646272858293269
22,2019-04-15,-1.148260933046788,-1.2476172006160524,-0.9874304170080942,1.9171505895806655,1.3426575939625134,-0.0090560440653096,1.1656523098570195,0.1165649660303888,0.06646272858293269
23,2019-04-16,-1.134694134842859,-1.2356187758455237,-0.8933195623838064,1.8991236099999944,1.4179581105515182,-0.0135016168903534,1.3200107557389855,0.0874217105366514,-1.0792875417396923
24,2019-04-17,-1.1212270925080772,-1.2237889775852833,-0.7733669814098734,1.8774046721161288,1.5241387976588916,-0.0418910210028181,1.4763938139475716,-0.069439475796139,1.7850881340668703
25,2019-04-18,-1.1075854774022886,-1.2119721505950658,-0.6608184575572666,1.8617968686169384,1.6335508150371592,-0.0580340751178207,1.5537774197729717,-0.4219902238131042,-1.3657251093203486
26,2019-04-22,-1.095614773104705,-1.1987673977124735,-0.581642056245559,1.8515032275570784,1.7499254708908036,-0.0603610066981441,1.6167633369863612,-0.7319720083575887,-0.8501374876751674
27,2019-04-23,-1.082347242508216,-1.1849919089489034,-0.4181573410142402,1.836734197830138,1.919633686114896,-0.1370491383718441,1.8899729750943348,-0.305639493931687,0.352900296163589
28,2019-04-24,-1.06935404055188,-1.1711385925652011,-0.3110306240695255,1.8153660824600195,2.0936955644749027,-0.1547182207417481,1.8991979410205788,-0.3111308650917526,1.8996631610991328
29,2019-04-25,-1.0559368761516703,-1.158426747943453,-0.4225576622637269,1.8049909269504905,2.176384957532976,-0.1276728271821239,1.8718997287690975,-0.5414904004672425,-1.0792875417396923
30,2019-04-26,-1.0476322000452225,-1.1461948403125242,-0.5307802971871142,1.794878878425921,2.09628970462068,-0.0390854526835967,1.4715185894027225,-0.7512696093474373,1.4413630529700827
31,2019-04-29,-1.0350629605327593,-1.1340926453818172,-0.4268375206790968,1.7660442888263392,2.0457702065617043,0.0438202423499599,1.4804693349928182,-0.941299489312806,0.06646272858293269
32,2019-04-30,-1.021396406459684,-1.1224963299819768,-0.2422953144205771,1.7442797303972952,1.920891776446464,0.1046540932864869,1.5410692231120404,-1.0126954814811109,0.06646272858293269
33,2019-05-01,-1.0091763124892337,-1.111185382522625,-0.3935770466185987,1.7305570487018862,1.8900643844539315,0.1905594185781392,1.2376703357630023,-1.3718782224803745,2.3579632692281827
34,2019-05-02,-0.996931279551496,-1.100484084754316,-0.6383105156574885,1.7129711766884774,1.7191930994101912,0.3116298457500275,0.6823933391175251,-1.8739416046028,-1.0792875417396923
35,2019-05-03,-0.9836388099877212,-1.0889007406244966,-0.5081685417880158,1.6956459475145569,1.5605269061552898,0.3067239254497929,1.10647272536629,-1.3619254383658776,0.06646272858293269
36,2019-05-06,-0.9735135892693476,-1.0791722881078525,-0.6357073431934032,1.6903228656997726,1.303507564991509,0.3877998872981746,0.3962484919391897,-2.262745941932465,0.06646272858293269
37,2019-05-07,-0.9698475610782122,-1.071960261975513,-0.8377088254177807,1.679610207648632,1.1463601681411806,0.6509726434588544,-1.0148317289133042,-2.545901148639077,0.2956127826474577
38,2019-05-08,-0.9670045188075364,-1.0650465750536842,-0.9715626215742676,1.6662605809608462,1.0004375853515897,0.8156423544220022,-1.070007800021032,-2.6066272035518288,0.06646272858293269
39,2019-05-09,-0.966854885003817,-1.0586906527428095,-1.1605903545015273,1.6570896757037163,0.9919130056337888,0.9619501578174232,-1.4061724451894178,-1.753088765056059,2.3579632692281827
40,2019-05-10,-0.9653834859339048,-1.0517899370910022,-0.9686705341828288,1.651038575252844,0.9382396236790068,0.9933522872151542,-1.2098143310269729,-1.403094223379269,-0.4682207309009589
41,2019-05-13,-0.9716182277555636,-1.04905299911632,-1.2180305595499126,1.632963528344982,0.976095043990354,1.3308263507161835,-2.530845832353032,-1.925989338071504,0.06646272858293269
42,2019-05-14,-0.9757331573578574,-1.044513054608552,-1.0377838816689242,1.6219381849486092,0.9470379568656824,1.3421234248536724,-1.7384674196133438,-1.42563194811338,-0.5064124065783798
43,2019-05-15,-0.9770299836567627,-1.03870192563861,-0.8904020113038552,1.615738682339807,0.8468904257439521,1.190224660482757,-1.2706779269763806,-1.0802525107971614,1.2122129989055577
44,2019-05-16,-0.977952725446368,-1.0315806983964255,-0.7391408459311706,1.6056314210046907,0.6411900474325902,0.956703933950382,-0.9106139582379338,-0.7880083715295823,0.8302962421313494
45,2019-05-17,-0.9801224156003052,-1.0243946148041307,-0.8717860962559488,1.5945441795542703,0.4547837500525831,0.842341401147386,-1.1922031952421788,-1.0492569202687791,-0.5636999200945111
46,2019-05-20,-0.986656425029403,-1.0188169686945867,-1.0155051129657586,1.5812971712658934,0.4041836905790876,0.8913718143381902,-1.7128745009465185,-1.6027496082755488,1.2122129989055577
47,2019-05-21,-0.9909459274027046,-1.0139657137062867,-0.8701554408185139,1.557903923514343,0.2987143920683174,0.7665109760321338,-1.2358986446038185,-1.2745767355958812,-1.0792875417396923
48,2019-05-22,-0.9971307912897894,-1.0101262177797183,-0.9829899414805686,1.5403291392368994,0.2191098143821332,0.6977130857835754,-1.394411858757622,-1.4809088151166638,-1.7094501904171362
49,2019-05-23,-1.0074555237464555,-1.008491837756922,-1.140528885444219,1.5254845347454775,0.2625451352995996,0.7776195383840663,-1.8654476347649225,-1.9705839090909831,0.2956127826474577
50,2019-05-24,-1.0182540965815683,-1.0070131129743918,-1.0254526008204294,1.5124071248310746,0.2530406559517225,0.7820195156144755,-1.8536549113591336,-2.1444104037093616,-1.0792875417396923
51,2019-05-28,-1.0299754112062862,-1.0068834002741691,-1.2778643513184724,1.4864005541038987,0.2555651079070503,0.7653141880603564,-1.9284444813345545,-2.4543094819113844,0.06646272858293269
52,2019-05-29,-1.0447891577745465,-1.0076876190155462,-1.4223688248816293,1.47208674431055,0.3139664852469639,0.7627456052912324,-2.085651607603866,-2.358042943867545,1.2122129989055577
53,2019-05-30,-1.0585804066840538,-1.0081026996562563,-1.3105195730904813,1.4582348693335732,0.3372581025710856,0.6572362123793241,-1.788712144539085,-2.0637925519276545,0.2956127826474577
54,2019-05-31,-1.075239636831526,-1.0097889647591405,-1.4284340796107793,1.4427363368563613,0.4059979386791596,0.697638544721328,-2.225548993646766,-2.509569320913516,0.06646272858293269
55,2019-06-03,-1.094193251969367,-1.0153276970586171,-1.621406725512206,1.4340727076372275,0.5574125118651028,0.8309493339276719,-2.595083102387738,-1.7929432083722274,-0.8501374876751674
56,2019-06-04,-1.107560538435002,-1.0157427776993273,-1.4735586737728312,1.4292347630644555,0.6268738447869128,0.5688709432845974,-1.3386002133343406,-0.7593410882709501,-1.652162676901005
57,2019-06-05,-1.11898258545228,-1.0145753633973298,-1.3325701479696694,1.418475065866434,0.5696970415276478,0.244486242380138,-0.93954979287402,-0.343156163805385,0.06646272858293269
58,2019-06-06,-1.1278359188390348,-1.0128242419443336,-1.2158044455503392,1.410822386517586,0.4362262605067973,-0.0922143798034854,-0.6058386123281722,0.0526274671320868,0.4101878096797202
59,2019-06-07,-1.1323997498524896,-1.0088290907774984,-1.0983570997769818,1.4050075380183629,0.2340767482115753,-0.4828276598177939,-0.1325266813119086,0.6242047688396868,-0.8501374876751674
60,2019-06-10,-1.1368638249967964,-1.0042372611896424,-0.9664963269329157,1.3915402697268575,0.1166733780291071,-0.8112777773383217,0.1061545009084102,0.7324198927709846,1.4413630529700827
61,2019-06-11,-1.139881440038479,-1.0005404492333174,-0.8533778082066829,1.3831844195885878,-0.0096618518329227,-0.9855306250748328,0.1061545009084102,0.7065602592606945,0.06646272858293269
62,2019-06-12,-1.1399063790057655,-0.998646643810077,-0.9277797679222972,1.368131764590589,-0.1415355904207164,-0.9978856004371326,-0.1035693068188929,0.5467392455987388,-1.5375876498687424
63,2019-06-13,-1.1391582099871664,-0.9967787809268808,-0.8311411525268263,1.35238544566091,-0.2467749729723568,-0.9891245090970926,-0.0184903536563882,0.6342602768898109,-1.5375876498687424
64,2019-06-14,-1.138784125477868,-0.996506384256415,-0.9138168522637324,1.3398344335257004,-0.4094164992817272,-0.8525024570322429,-0.3540065873286468,0.386918231936783,0.06646272858293269
65,2019-06-17,-1.1388340034124402,-0.9957670218651504,-0.8222347377832626,1.3244849896125557,-0.5444957688980235,-0.7319296263827745,-0.3284876501467384,0.4097498053170633,0.06646272858293269
66,2019-06-18,-1.1287337216613542,-0.99375647501171,-0.6637604929530954,1.3131956358076762,-0.5645848400890588,-0.7875370722561877,0.1923905359029534,0.8935323331586538,1.5559380800023452
67,2019-06-19,-1.120778191096918,-0.9917588994282924,-0.5426003455200888,1.300430013666578,-0.5762262001118996,-0.8142401132194336,0.2890548346288046,0.9737215797930874,0.06646272858293269
68,2019-06-20,-1.1120246135793097,-0.9878804896916568,-0.4065468784251762,1.2876195233033414,-0.5082083062412678,-0.9259231275544432,0.6553994862624394,1.1085419519946291,-1.652162676901005
69,2019-06-21,-1.105814810724938,-0.9851305804469528,-0.6094258785305998,1.2609533660605352,-0.4472714899983628,-0.8957315196893281,0.4372715913096511,0.8349559520464388,0.06646272858293269
70,2019-06-24,-1.0977844632586415,-0.9820823319917368,-0.5289616022037408,1.242670994716383,-0.3906873034870942,-0.8402106430325489,0.486205327332276,0.4598897311717969,-0.7355624606429049
71,2019-06-25,-1.090078322367072,-0.9814726823006928,-0.6574817349894944,1.2342432494539273,-0.4922187905112961,-0.5749452768219565,-0.3095885464199996,-0.5136230516861088,0.06646272858293269
72,2019-06-26,-1.082571693213796,-0.9797993884678304,-0.5686604719673605,1.2219193630511456,-0.5864980284623408,-0.4689211326742332,0.0032093577732201,-0.777055042545881,-1.0792875417396923
73,2019-06-27,-1.073618603957894,-0.9783595774953662,-0.5016958680426659,1.2089525216012371,-0.6740430351311679,-0.3915362077977163,0.0799745113679552,-1.245241461622133,0.06646272858293269
74,2019-06-28,-1.06157308275845,-0.9774645598638356,-0.6758616212323425,1.1833680565124818,-0.764513728556787,-0.3083140921902288,0.0739661762065645,-1.2537123062385889,0.06646272858293269
75,2019-07-01,-1.0466097023864702,-0.9752983577701292,-0.5360405076102153,1.17056164009999,-0.7152822014133984,-0.3788711615139118,0.5259979607558832,-0.3208605428518666,0.06646272858293269
76,2019-07-02,-1.0306487633230248,-0.973093241866357,-0.459804182949066,1.1578442668538198,-0.6695672119231088,-0.4143216357679007,0.5956796777604914,-0.1803585528193871,0.06646272858293269
77,2019-07-03,-1.012168988563629,-0.971186465173094,-0.4074880555275035,1.150691263178614,-0.5845693049545471,-0.4749196447303092,0.7974516510560566,0.1979909168754918,-1.3657251093203486
78,2019-07-05,-0.995135673906859,-0.9695002000702092,-0.4655051110579603,1.1459183074116086,-0.5550194204169752,-0.4534164597028586,0.6969616506349016,-0.0106622320112881,-0.8501374876751674
79,2019-07-08,-0.9766558991474632,-0.968553297358589,-0.538565330263493,1.1332721201087732,-0.5529194524178495,-0.3228331605243765,0.2805793285607233,-1.0156991677425178,0.9257754313249015
80,2019-07-09,-0.9544851572296456,-0.9668800035257258,-0.4479753202623755,1.1254834959564937,-0.5294629393416744,-0.2401877950062139,0.3929924584021028,-0.9719565155891776,0.9830629448410327
81,2019-07-10,-0.93645428388141,-0.9644543760315762,-0.348974458071053,1.1133298340512878,-0.4231905846202159,-0.2336376995183275,0.633353210371957,-0.4631372948637244,0.06646272858293269
82,2019-07-11,-0.9199696265049456,-0.9618212082170712,-0.2377941177896755,1.0966153946069994,-0.3149623007788847,-0.2348238307764448,0.7447075277437442,-0.2548639337933561,0.06646272858293269
83,2019-07-12,-0.9041333822779328,-0.9581892526108564,-0.1618594399001359,1.0850004554148276,-0.1900334048783023,-0.2761163611825741,0.9548013428863672,0.1027562552648539,-0.16268732548159234
84,2019-07-15,-0.8909656075505911,-0.9537141644531996,-0.1002960760579961,1.069026102953235,-0.0508405988951797,-0.2999831843179915,1.0470455811463135,0.2135378559179808,0.06646272858293269
85,2019-07-16,-0.8814887999816694,-0.9511069391787398,-0.1787017111058832,1.059910107371938,-0.0285636953888829,-0.1840628842560993,0.4550113208423851,-0.7949800241104386,-0.7737541363203255
86,2019-07-17,-0.8725107717584828,-0.948006805643435,-0.2443980274681284,1.0486949820013185,-0.0201761093390669,-0.0540831116957049,0.301378094478226,-0.9933765371906648,-1.0792875417396923
87,2019-07-18,-0.8610637857739172,-0.9420659639732706,-0.1658327546807207,1.0423985641985234,-0.0486495278720636,-0.0206433203519225,0.5570353878016626,-0.5443761075881867,-0.5064124065783798
88,2019-07-19,-0.8510133819574043,-0.9364494040536606,-0.2802205403420378,1.033340206067517,-0.0068270821662733,0.0659753814102509,0.2936991693719122,-1.790410673126525,0.06646272858293269
89,2019-07-22,-0.837122377178749,-0.9290298376009668,-0.2124019234795394,1.026669591516511,0.0320080459891037,0.024893090980345,0.6839282503607921,-0.943188249842674,0.06646272858293269
90,2019-07-23,-0.8222836916432023,-0.9213378744778054,-0.1584835424269597,1.0203792157526308,0.0986632221077893,-0.0364183612305654,0.8562520074763411,-0.5374186999438617,2.3579632692281827
91,2019-07-24,-0.8091159169158594,-0.9092356795471002,-0.0678220382234802,1.0117468463822867,0.2140462821365295,-0.1339944760451376,1.0919357770371554,-0.0825380237388365,0.06646272858293269
92,2019-07-25,-0.7974444802257156,-0.8990272900396336,-0.1650091022946049,0.9980385323126422,0.3211876950203598,-0.123231682277518,0.8114781917546406,-0.3254613636841746,-1.3084375958042174
93,2019-07-26,-0.7880674285259411,-0.8895971767334995,-0.0561009065266503,0.9728850529455828,0.4361017947386119,-0.1101831201293727,0.8830579755835026,-0.1929577237139845,1.2122129989055577
94,2019-07-29,-0.777917268840281,-0.8810880235989403,-0.1390851086436116,0.964214690803059,0.4481184314296175,-0.066619282341016,0.8370077071594676,-1.2853713262259654,0.2956127826474577
95,2019-07-30,-0.7693881420282528,-0.8724751003042048,-0.2112061094920871,0.9528395537704202,0.4378459982089036,0.0529353424423307,0.3739085349854411,-2.136059121054544,-1.0792875417396923
96,2019-07-31,-0.7604101138050644,-0.8637973206593571,-0.3764194174243505,0.9465325769295768,0.264330852059277,0.3022086270068093,-0.5310606725039427,-2.9341975574561503,0.1810377556151952
97,2019-08-01,-0.7543748837216998,-0.8567539210373056,-0.6588019293016039,0.9345535447742426,0.0925423889882936,0.5152421564485775,-0.7814575663787251,-3.332712292821025,-0.10539981196546108
98,2019-08-02,-0.7519807428621824,-0.850851993177208,-0.8779061958526643,0.9214246912240568,0.0944897015590894,0.804768302020102,-1.4744257311400506,-2.1703719073739145,0.06646272858293269
99,2019-08-05,-0.7574922546325289,-0.8474535204313931,-1.1504323015303106,0.9083938287527888,0.280457249327228,1.3713618278121782,-2.580742403690881,-1.5468323574494869,0.06646272858293269
100,2019-08-06,-0.7629289495010146,-0.8424984952829168,-0.9628746069283302,0.896414826986566,0.4238057746465222,1.514843520508801,-1.8967540124955724,-1.080159779037915,-1.0792875417396923
101,2019-08-07,-0.7677172312200478,-0.8366873663129739,-0.7612962136823141,0.8902522952845507,0.5762709901742344,1.4796021427669708,-1.6604288554890476,-0.904201265866341,1.2122129989055577
102,2019-08-08,-0.7694130809955384,-0.8279577015880376,-0.604678859368289,0.883528299264613,0.5254744276363471,1.1552476899203217,-0.8424396708242716,-0.2041923982489779,-1.0792875417396923
103,2019-08-09,-0.7729294753829544,-0.8209272732360096,-0.7571926423412616,0.8731502960644613,0.4795531659084592,1.0101660877808094,-1.1599712823531592,-0.5369834992473959,0.06646272858293269
104,2019-08-12,-0.7774434284618352,-0.8136633620235809,-0.8638796209728182,0.8648034714781171,0.4856129229548193,0.998168286159456,-1.4904502927364671,-0.9156768210731778,0.06646272858293269
105,2019-08-13,-0.7779671467748541,-0.8024042996443177,-0.6088235643600157,0.8587957719245239,0.3483297647569644,0.701386711930107,-0.7564187269588987,-0.19845210738336,0.06646272858293269
106,2019-08-14,-0.7858478604374306,-0.797124992745284,-0.8396548388437166,0.8438995257137669,0.2521549746662045,0.781009874326394,-1.4735240774325946,-1.1009142982884834,0.06646272858293269
107,2019-08-15,-0.7948009496933324,-0.7932076691985825,-0.9930471190703702,0.832347781174898,0.2017678121864516,0.8073653159524073,-1.5116093961716568,-1.1590275868387825,1.6705131070346078
108,2019-08-16,-0.8016591656971557,-0.7885380119905928,-0.8868145693414983,0.8238461147097218,0.0443792957311253,0.598471926550241,-0.9951424345887856,-0.6119325799566107,0.06646272858293269
109,2019-08-19,-0.8063227525797559,-0.7841148089130247,-0.8096586137759938,0.8139863842843735,-0.1182368147865182,0.2863582111718784,-0.6236931989817395,-0.1665337580782213,1.2122129989055577
110,2019-08-20,-0.810113475607325,-0.781157359347965,-0.8913157659723998,0.803578537551505,-0.2648723672997523,0.1201209242679692,-0.7513355785410575,-0.3150000320376826,-0.5064124065783798
111,2019-08-21,-0.8111858512006505,-0.7770454667509298,-0.8090357327800727,0.7912694986017386,-0.3689598960038951,-0.1089934860522877,-0.4624690308771855,0.3765402440366593,0.009175215066801438
112,2019-08-22,-0.8141286493404726,-0.7726222636733616,-0.8834102700619043,0.7864312269373728,-0.5132421520155008,-0.2280747425280312,-0.5292944101350677,0.2378824186525597,-1.0792875417396923
113,2019-08-23,-0.822582959250642,-0.7717921023919413,-1.083191514522519,0.7790481173216369,-0.5431981723751299,0.0311058401219518,-1.3518187668154094,-1.5916229860345878,0.06646272858293269
114,2019-08-26,-0.8306881236187976,-0.7687827677467921,-0.9817432001160912,0.767825084475098,-0.5710144769947852,0.0561581976653519,-0.9946803658059912,-0.9484360983303104,-0.16268732548159234
115,2019-08-27,-0.8401898701550049,-0.7660069159620437,-1.0800036565952813,0.7606875253301046,-0.6518499120196274,0.0804607558203927,-1.0319362172284474,-1.378687373968509,1.2122129989055577
116,2019-08-28,-0.8511380767938372,-0.7648524729300681,-1.0100813473125965,0.7564831305604067,-0.6897628115871258,0.078517063217113,-1.005991335822109,-1.330210857976262,-0.27726235251385484
117,2019-08-29,-0.8579962927976614,-0.7623490178157846,-0.930550413106984,0.7486618286334681,-0.8338108586758681,-0.0988593157768003,-0.5388637688133662,-0.4230074872641206,0.4101878096797202
118,2019-08-30,-0.8653532881472188,-0.7612983449439871,-1.0292261235834546,0.7416091520059148,-0.9391884160978444,-0.2061594072025742,-0.5465406144649241,-0.4368579204047612,0.06646272858293269
119,2019-09-03,-0.8749049126179984,-0.7609870344634543,-1.1451593592629534,0.7330942377157358,-1.053092846381969,-0.1467663209651595,-0.9007513743102978,-1.080903061444682,0.06646272858293269
120,2019-09-04,-0.8799675229771856,-0.7591840279303695,-1.069459730805837,0.7233874250974515,-1.1668336169399054,-0.2701907861875262,-0.4369143792159327,-0.1875501238731811,-1.3084375958042174
121,2019-09-05,-0.8780472224961149,-0.7535155829306709,-0.971098398945232,0.7151346853547146,-1.1367204081678122,-0.5408160049775301,0.0513386992811564,0.2629043591009293,0.06646272858293269
122,2019-09-06,-0.8753039360945846,-0.7489496958828594,-1.0607119744291589,0.6995880784254274,-1.10875814287944,-0.675475666018503,0.0260431491686286,0.2281822831483531,-1.652162676901005
123,2019-09-09,-0.870889738884851,-0.7454085391668003,-1.1842177193232202,0.6915129489416413,-1.1557134715770618,-0.648347465266025,-0.2274507118470816,-0.1155114804966939,0.06646272858293269
124,2019-09-10,-0.859517569802146,-0.742360290711585,-1.2807691705541675,0.6839977073372941,-1.271487726230418,-0.5453588535760304,-0.3932634759912106,-0.3403146645486744,0.06646272858293269
125,2019-09-11,-0.8491928373454799,-0.7398179217872356,-1.188617061200072,0.6749081061970699,-1.3185063401390276,-0.5514743764341119,-0.1168642709516563,0.1208200719682065,-1.0792875417396923
126,2019-09-12,-0.8389429217906735,-0.736977213652375,-1.0635413819719512,0.6633605983901717,-1.290562746217054,-0.5769364443509061,0.0262839749077379,0.2739900727578503,-1.0792875417396923
127,2019-09-13,-0.8347032973519459,-0.7356541441101117,-1.2254669359681971,0.636582415100651,-1.2951946671599306,-0.4823811226452258,-0.2481204623071379,-0.1548127364498453,-0.8501374876751674
128,2019-09-16,-0.8287678231377269,-0.7343959309179586,-1.3011322863830852,0.6281204895859542,-1.3558171422835097,-0.3664128919287708,-0.3381012939293882,-0.2599763471711304,0.06646272858293269
129,2019-09-17,-0.8195902831762458,-0.7319703034238091,-1.2257078616364308,0.6148513458292519,-1.400783628770872,-0.306321437048337,-0.2151201857070307,-0.0883936138890303,0.06646272858293269
130,2019-09-18,-0.8150763300973642,-0.7298949002202575,-1.141181147619193,0.6095773461654277,-1.498798449334653,-0.2439347140422697,-0.2151201857070307,-0.7285199400186001,-0.39183737954611736
131,2019-09-19,-0.8042777572622531,-0.7283772616276611,-1.0609362507625957,0.600279475682653,-1.5230660113961931,-0.2045791805084616,-0.1408306089149365,-0.6085163079522035,0.06646272858293269
132,2019-09-20,-0.7954244238754976,-0.7284291467077498,-1.207975340705381,0.5907804660427979,-1.5764749352514245,-0.0415080687083832,-0.6515621216191185,-1.2579477285468152,-1.0792875417396923
133,2019-09-23,-0.7894640106939929,-0.7288961124285486,-1.1313472669901934,0.5816936401795997,-1.6260689359741392,0.0407191424413715,-0.5284343418980142,-2.208861717650887,0.7539128907765077
134,2019-09-24,-0.7882420012969471,-0.7306861476916117,-1.304932252207258,0.573088046260502,-1.617299696743847,0.1973653801525375,-0.9287039308716816,-3.0299058437357087,-1.0792875417396923
135,2019-09-25,-0.7837779261526404,-0.7303359234010119,-1.18783258371936,0.5697429775501837,-1.5725649307870595,0.1766915853018204,-0.4693963871875353,-1.522331667815242,-1.0792875417396923
136,2019-09-26,-0.7813089683912632,-0.7296095322797699,-1.0988144667975717,0.5624259160929161,-1.5462941560363073,0.1519798833783058,-0.4263848453604948,-1.4478218306082085,0.06646272858293269
137,2019-09-27,-0.7810097007838235,-0.7309844869021219,-1.223998856388188,0.5564581817052798,-1.4462543774263426,0.2718430810840491,-0.9802065970770152,-2.317103264690227,0.06646272858293269
138,2019-09-30,-0.7723309401680748,-0.7308677454719229,-1.1162541553107277,0.54655679496856,-1.353360297288518,0.2357633990804761,-0.5692300070707667,-1.6382358590261783,0.06646272858293269
139,2019-10-01,-0.7680414377947742,-0.732852349785318,-1.224203545268923,0.5400019213658633,-1.3458330079768497,0.3020051418129488,-0.9320618892974224,-2.2425934274831936,-1.0792875417396923
140,2019-10-02,-0.7670688180705959,-0.7372885241329078,-1.417676650586884,0.5298132688444293,-1.2015803408374115,0.5205414627504623,-1.5429338720068997,-2.0725354644640284,0.06646272858293269
141,2019-10-03,-0.7639514471597669,-0.7413615029198762,-1.2465587050376263,0.5254395477449753,-1.0450319695909926,0.5168636369240449,-1.0752122739183527,-1.1573348394289646,0.2956127826474577
142,2019-10-04,-0.7609587710853708,-0.7433720497733165,-1.1394310087202764,0.5174469461156751,-1.0379945826773176,0.3306573179688113,-0.5277103604860058,-0.4058499098837705,0.06646272858293269
143,2019-10-07,-0.7587142640295728,-0.7460311601278659,-1.24343450633167,0.5049227275718742,-1.0525909444637027,0.2416079961315153,-0.6711680259073761,-0.596703225323815,0.06646272858293269
144,2019-10-08,-0.7576917663708215,-0.7504673344754558,-1.3841390140706538,0.4938300795406221,-0.975917134800748,0.3586018953103664,-1.24949583870116,-1.4436148125890316,-1.0792875417396923
145,2019-10-09,-0.7570682921886553,-0.7527762205394063,-1.2837386283837788,0.4838540131587927,-0.9318160381030152,0.2709722470114046,-0.7663907556207731,-0.7828895455355389,0.06646272858293269
146,2019-10-10,-0.7591132875061598,-0.7528410768895175,-1.191696208764814,0.4770893719784907,-0.9454250209079283,0.1360056741529307,-0.5572633623171734,-0.4115266462993432,-0.4682207309009589
147,2019-10-11,-0.7583401795202742,-0.7510121278163884,-1.035284522704159,0.4630062699229152,-1.0707948530956417,-0.0910465226438853,-0.1652973501665498,0.1654838705499997,0.06646272858293269
148,2019-10-14,-0.7562203673009099,-0.7476136550705734,-1.09074443628438,0.4506131046821424,-1.1872096972699473,-0.2201130374627668,-0.188846484788756,0.1363177887867704,-1.652162676901005
149,2019-10-15,-0.7509582452034301,-0.738961817965771,-1.0113868510351796,0.4436030642566801,-1.2362818788011445,-0.3983847404890954,0.1190568094054512,0.5616182484757755,1.2122129989055577
150,2019-10-16,-0.749062883689646,-0.7326058956548955,-1.1096473075143694,0.4267425390402747,-1.3014878798520868,-0.4151976444862054,-0.1573421458600036,0.260617730503556,-1.652162676901005
151,2019-10-17,-0.7486389212457742,-0.7270541920853969,-1.1768900532674311,0.4215865160035475,-1.3338492674513194,-0.3789379852278112,-0.2380567029816735,0.1730539434570857,0.06646272858293269
152,2019-10-18,-0.7486389212457734,-0.7248490761816245,-1.2623530475238207,0.4160269092002721,-1.43425932868722,-0.2347912980211474,-0.6086229264029346,-0.2374013083232155,-0.5064124065783798
153,2019-10-21,-0.7460702076152499,-0.7204258731040564,-1.2002676780671748,0.4098349555253048,-1.524277058703134,-0.2338113812751784,-0.2577807514397034,0.2223085736707238,-0.5064124065783798
154,2019-10-22,-0.7469181325029961,-0.7160934689166438,-1.2928967418945625,0.4040231908276516,-1.5788354120979464,-0.078512672936997,-0.7556950883230404,-0.3578015155121032,-1.0792875417396923
155,2019-10-23,-0.7475914846197355,-0.7140958933332262,-1.206628703332124,0.391437117169079,-1.5973965369282828,0.0207425070305202,-0.7244044404624345,-1.2721565360332785,0.44837948535714106
156,2019-10-24,-0.7458457569096707,-0.707571344512063,-1.135584033009619,0.3839115338858743,-1.634556904125044,-0.0574945646396652,-0.2406328173188913,-0.4157084158146787,0.06646272858293269
157,2019-10-25,-0.7394364423170058,-0.6996329272584809,-1.0557387201881407,0.3791016786849772,-1.5888468045063624,-0.218359572685377,0.1096268933814971,0.2062348015730393,0.2956127826474577
158,2019-10-28,-0.7311068272432701,-0.6922003895357645,-0.984931058043329,0.3652301813638132,-1.479020981907866,-0.4310213362248553,0.4424377391515761,0.3497981903141436,-0.08630397412675066
159,2019-10-29,-0.7227273342349613,-0.6872064505772203,-1.0609342920173257,0.3570278252117174,-1.421719621536234,-0.4383912290720302,0.0543860257299612,-0.3106183417093197,0.2956127826474577
160,2019-10-30,-0.7154202168199779,-0.6810840111267447,-0.9357773248604918,0.3471428003022228,-1.3975258161913104,-0.473325838522596,0.2213866799818448,-0.2620647232762737,1.7850881340668703
161,2019-10-31,-0.7084373059797209,-0.6761678997883334,-1.0457696861354977,0.3364438042691931,-1.365657184607372,-0.4546586863758152,0.1992177128526206,-0.2929084319061017,0.06646272858293269
162,2019-11-01,-0.6964416627148498,-0.6697730636673928,-0.9486100444981558,0.3282520794980482,-1.2803797472692158,-0.5304797455119623,0.5266545651909773,0.2879814139555746,1.2122129989055577
163,2019-11-04,-0.6854186391741578,-0.6595257603498601,-0.848894240283213,0.3089433858371509,-1.1526571053745494,-0.5923717924231005,0.663007953003319,0.4004563273070826,0.06646272858293269
164,2019-11-05,-0.6728244606944079,-0.6507442105448351,-0.9262627197105332,0.2989557730073168,-1.0599234153709534,-0.5729701291480437,0.5990423201833072,0.3412550851762265,0.06646272858293269
165,2019-11-06,-0.6567138878272423,-0.6418588905796327,-1.0098874315308477,0.2859900174437114,-0.9965696332369142,-0.5099821846308975,0.571920243595214,0.3184235117959436,11.741657983170482
166,2019-11-07,-0.6413016060441032,-0.6322212369531431,-0.8723590292474801,0.2691714591446598,-0.860541867137814,-0.5102223054309686,0.8025089512470718,0.5157257090617033,1.5559380800023452
167,2019-11-08,-0.6278844416438947,-0.6236861412785397,-0.8107907685421648,0.2650047720905689,-0.7757612652135129,-0.5245286552357917,0.9559015767318648,0.7451323712853938,0.06646272858293269
168,2019-11-11,-0.6135694744213668,-0.6150732179838041,-0.7692261939086872,0.2607503284052466,-0.6851686217741234,-0.4918368103625553,0.9694065745669448,0.7265094413172168,0.06646272858293269
169,2019-11-12,-0.5950148827601113,-0.6048907710163828,-0.6881223872511104,0.250944821899106,-0.5651461379019852,-0.4610079567526466,1.0669252539704663,0.4592600303761326,-1.0792875417396923
170,2019-11-13,-0.5788294929910867,-0.5961481350214237,-0.6128468271449904,0.2414966710634263,-0.4536966885921425,-0.4190596966398999,1.1302959931856305,0.3596977671500712,-0.21997483899772358
171,2019-11-14,-0.5641903191938324,-0.5895976436602172,-0.6725033524665981,0.2328579895801112,-0.3550178097073351,-0.3367432975337696,1.046653642018525,-0.2028679155636062,1.6705131070346078
172,2019-11-15,-0.5505487040880438,-0.5821002495873886,-0.6033361394855723,0.2172548131168904,-0.2141527530308115,-0.3300525126729443,1.2924595305177906,0.1959536896086365,0.06646272858293269
173,2019-11-18,-0.536158919963657,-0.5735132688326974,-0.5395682078418313,0.2104831824407223,-0.0552774322920742,-0.3164917181619894,1.378359907216818,0.2776838755740478,1.1549254853894264
174,2019-11-19,-0.5235148635493332,-0.5641998969567623,-0.4705841375435686,0.2002818311748329,0.1131554517697936,-0.2883255468295814,1.437302643995431,0.2270972182748276,0.06646272858293269
175,2019-11-20,-0.510771051265864,-0.5565857614537347,-0.5918294903958284,0.1920315298881138,0.1239092913500311,-0.1646291372007453,0.916070177253256,-0.4728488269600019,0.06646272858293269
176,2019-11-21,-0.4987005910991323,-0.5500871551726169,-0.6836721179972338,0.1772570024247483,0.133894999531681,0.0026151951006871,0.5095308657118983,-1.418931257872745,0.06646272858293269
177,2019-11-22,-0.4850340370260571,-0.542978899200455,-0.7413571662043931,0.1712103801781146,0.0992765671285861,0.1473993769450199,0.4069447223251511,-1.5137597396409843,0.06646272858293269
178,2019-11-25,-0.4704198021960911,-0.534041694155164,-0.6691783823704469,0.1652686793187601,0.1393606865320257,0.0997392647202797,0.974384748579484,-0.4620256691205101,-1.0792875417396923
179,2019-11-26,-0.4529625250954476,-0.5254028283203823,-0.5739128474093808,0.1438650851403127,0.2024694505834795,0.0798866393193706,1.006907329451025,-0.8765527783484443,-1.1365750552558236
180,2019-11-27,-0.4345076893033385,-0.5161543127945595,-0.4823561966174235,0.1284833446509842,0.2839496969495131,0.0283674739306655,1.195306874899945,-0.4499204546541737,0.06646272858293269
181,2019-11-29,-0.4195193699640713,-0.5074505906096674,-0.5379855416635161,0.113275672959485,0.3596099257179727,0.0519587232270096,0.9413088443944184,-1.1094158496686917,0.06646272858293269
182,2019-12-02,-0.4099428065260042,-0.499136006525442,-0.6514341089677761,0.106579304190183,0.1916393911806339,0.2456392314947093,-0.1171144822234464,-3.3857090372893714,-0.5064124065783798
183,2019-12-03,-0.404755501330385,-0.4921055781734131,-0.7615861079823026,0.0988542149282682,0.0714750830973792,0.473725167064106,-0.6299248099680483,-2.4970036350973808,0.06646272858293269
184,2019-12-04,-0.3968747876678086,-0.4836483101189436,-0.693867387128584,0.084381820380799,-0.1058842055639088,0.5719427719615336,-0.4270001137192745,-2.1922091340207666,0.06646272858293269
185,2019-12-05,-0.3894429754163914,-0.4759822895358274,-0.6173754462096747,0.07148557856606,-0.2830484170708693,0.5861891794259917,-0.2458745560896478,-1.914308265392089,-1.0792875417396923
186,2019-12-06,-0.3796170223054577,-0.4672396535408692,-0.5272388857386068,0.0549047973415378,-0.3758074876557633,0.467567856458603,0.2373156735240026,-1.0895702036553878,0.06646272858293269
187,2019-12-09,-0.3732825246146534,-0.457705770074557,-0.5829171994164541,0.0459635914484426,-0.4728997112752172,0.4451759874860711,-0.0902976834679518,-1.484010146225118,0.06646272858293269
188,2019-12-10,-0.3678458297461676,-0.4491447318599091,-0.5224370217087306,0.0379802430243834,-0.5820620598282996,0.4179224215077097,-0.0522762773795336,-1.4212583371799268,0.06646272858293269
189,2019-12-11,-0.3607382240694767,-0.4388974285423774,-0.4740609103981597,0.0317103698224218,-0.6598887909463863,0.3240439300773549,0.2502999762639433,-0.9102793206691436,0.06646272858293269
190,2019-12-12,-0.3512863554678434,-0.4256018767696296,-0.3556087283011938,0.0262944339235386,-0.6324662336299267,0.1503251982281822,0.6637106078903806,-0.1953163874171551,0.3719961340022994
191,2019-12-13,-0.3420339986045018,-0.4127732907176805,-0.227035709393145,0.0165768986430882,-0.5509199975435785,-0.022338630637616,0.8915644231936167,0.100893554380305,0.06646272858293269
192,2019-12-16,-0.331983594787988,-0.4005673256267971,-0.1303491047385545,-0.0031067297394157,-0.4084240961995281,-0.2121214976222512,1.1693608876932076,0.3882612656650369,0.06646272858293269
193,2019-12-17,-0.3225566651536413,-0.3882186765656685,-0.203407365198817,-0.0159707035237512,-0.3047160387836444,-0.2752718799515926,0.9865435664994828,0.2754464324918955,0.06646272858293269
194,2019-12-18,-0.3138529655706061,-0.3740410784314109,-0.266920659957433,-0.0316399217135727,-0.2084156997546095,-0.2807143228816938,0.9774533815059868,0.2700742975788859,-1.0792875417396923
195,2019-12-19,-0.3040270124596724,-0.360512043798264,-0.1997161097371398,-0.0402878242109187,-0.0943993902313946,-0.3310601034269457,1.2164745428706518,0.578301743808458,-1.0792875417396923
196,2019-12-20,-0.2927047213115406,-0.3470089517051616,-0.0851255939403578,-0.0672743179252431,0.0369815343533758,-0.3907406577996177,1.3918234111185577,0.7601951079133501,0.06646272858293269
197,2019-12-23,-0.2824298667894477,-0.3345695037538783,-0.0090753500798768,-0.0860130157813613,0.1872189669699923,-0.4188921235351587,1.4743411827050124,0.4506582432793733,1.8996631610991328
198,2019-12-24,-0.2727036695476602,-0.3220262856424168,0.0148742283387627,-0.0917134466122199,0.3133044342307299,-0.3966175551849558,1.484555505324443,0.4538757768401384,-0.16268732548159234
199,2019-12-26,-0.2617554629088289,-0.3097554642014222,0.0553673693094453,-0.0970475031372825,0.4730710995674527,-0.4237175142870318,1.7006867124158411,0.4547456409558567,-1.7667377039332675
200,2019-12-27,-0.2495603079056643,-0.2967841941792288,-0.039299768971577,-0.1102035910915972,0.6455610428878696,-0.3934646439932702,1.6892534071946856,0.3713714407245319,-1.3084375958042174
201,2019-12-30,-0.2375646646407932,-0.2842669186078117,-0.1200549189710596,-0.1154660047709511,0.6238101486147393,-0.2638299104969846,1.1150440729731883,0.0814015749142894,-0.16268732548159234
202,2019-12-31,-0.2245964016517448,-0.2704136022241103,-0.063242491781771,-0.1205595431384438,0.6036128896468329,-0.1793241377129915,1.2323003310532736,0.1299575467266999,0.06646272858293269
203,2020-01-02,-0.2105308241020835,-0.2554966416985871,0.066852472201217,-0.1289264363672555,0.7120196257049509,-0.3039753271089806,1.779951597671194,0.7725741293228591,0.06646272858293269
204,2020-01-03,-0.1991835939866651,-0.2405148248229553,-0.0801689890341365,-0.1423237665726179,0.7641166356624188,-0.2102269497406876,0.8661522012676757,-0.2001175695228973,0.06646272858293269
205,2020-01-06,-0.1884847770206995,-0.2253514101670105,-0.0036310176013777,-0.1459045595612694,0.6973346209609851,-0.1403666864166717,0.9444048770420576,-0.9588133104221188,-1.0792875417396923
206,2020-01-07,-0.177262241741714,-0.2117186053736854,-0.0788644646841886,-0.1569093255374077,0.6626656321392126,-0.0567422547640828,0.908768704329406,-0.992894259607847,-1.3657251093203486
207,2020-01-08,-0.1606030115942436,-0.1980728293103387,0.035009150343703,-0.1627036854188968,0.7028848936886798,-0.0968875660393074,1.2614055965128663,-0.2944983137942333,0.06646272858293269
208,2020-01-09,-0.1395295842370378,-0.1844140819769703,0.1111788776656657,-0.1705349577513909,0.7871246573143836,-0.2212217053649683,1.5686453439364418,0.2750788029503891,0.06646272858293269
209,2020-01-10,-0.1198527390478838,-0.1700808286024467,0.0361070270676457,-0.1781616025910649,0.8944301297066086,-0.2310455232938671,1.3711149788505992,-0.2309773284608869,-1.0792875417396923
210,2020-01-13,-0.098081020606653,-0.1548914714064584,0.1121278897490738,-0.1845055416001328,1.0242542933866672,-0.3436229256265899,1.686762785545148,0.3979657674433663,0.06646272858293269
211,2020-01-14,-0.0797010017164044,-0.1402209650113567,0.0331189611579676,-0.1935527070153118,1.1504355260274517,-0.3100831199970552,1.3089251463028406,0.1224149055431115,1.2122129989055577
212,2020-01-15,-0.0599493396253907,-0.1266530165681439,0.1037170375588687,-0.201470552548957,1.256968009144564,-0.2564740640378657,1.3424310663075965,0.1859462401664971,0.06646272858293269
213,2020-01-16,-0.0372798183618414,-0.1120343952531317,0.1602425085660742,-0.2066758625116068,1.4044339142376547,-0.3373171984467752,1.6826045371179392,0.6970896754661238,-1.0792875417396923
214,2020-01-17,-0.0144606632945718,-0.0964688712265012,0.2663134618101553,-0.2169187920696515,1.5770112951034008,-0.419202783846055,1.82850723446908,0.8265221708498812,0.06646272858293269
215,2020-01-21,0.0060142288477543,-0.0809033471998689,0.178292346230895,-0.226473731647631,1.75670873681652,-0.4105802675955148,1.7922706258272971,0.6549247278341411,0.06646272858293269
216,2020-01-22,0.0259155247424883,-0.0657399325439249,0.2541525918001673,-0.2360589263077495,1.943695479911478,-0.3934178293991215,1.874008884143611,0.6387311826586404,0.06646272858293269
217,2020-01-23,0.0449688957494771,-0.0506024604280253,0.3273920361979225,-0.2427080978415479,2.0717998091377905,-0.3836887149253049,1.976276003405872,0.8261764031801158,1.5559380800023452
218,2020-01-24,0.0634486705088719,-0.0360876092731923,0.2117408598373314,-0.2495263599341603,2.2301118317479203,-0.2654235005656898,1.5473647585868642,0.5128834560480352,-1.0792875417396923
219,2020-01-27,0.0763421165960615,-0.0248544894339716,0.037536911114886,-0.2632312093689627,2.037115225476208,0.1473108018960313,-0.1193015838966269,-0.8085004729088126,0.06646272858293269
220,2020-01-28,0.0920536659866394,-0.0115719089312464,0.1902426511243374,-0.2710186564091425,1.9437642158615305,0.208684845677851,0.5244507847134726,-0.0357163787545906,0.4101878096797202
221,2020-01-29,0.1070918632604807,0.0021387234822115,0.2936967206874418,-0.2798078712357592,1.8951185363047371,0.2410042032019524,0.6006473684836074,-0.5560165051167743,1.2122129989055577
222,2020-01-30,0.1235515816696594,0.0160439249460024,0.3913088324821981,-0.284087053021363,1.8219312970743584,0.1785610839465539,0.851149714745233,-0.2200867017251172,1.6705131070346078
223,2020-01-31,0.1334274127151654,0.0262393431834464,0.259266875700639,-0.2899707226057877,1.5920261348791602,0.4992715997312086,-0.4856310305062925,-2.381465456862319,0.06646272858293269
224,2020-02-03,0.1446998259287231,0.0377967447732198,0.3820586579437156,-0.295895637885947,1.378542769983619,0.5513013571325761,-0.0740448900821159,-1.5160823260214344,1.2122129989055577
225,2020-02-04,0.1621072250947935,0.0531936422895645,0.4755779714964054,-0.3014098138693304,1.3348825269050857,0.2733199989841747,0.5828264310542685,0.1235150152335626,0.06646272858293269
226,2020-02-05,0.1821830937605327,0.0698746955381038,0.6356907067450884,-0.3097826258705061,1.3612563825745168,0.0447330007368202,0.7099375173988416,0.1968050815075638,0.06646272858293269
227,2020-02-06,0.2037553004634718,0.0878399045188423,0.7018257820478567,-0.3150131482549149,1.3857463914104164,-0.1819955769481361,0.9022149237145324,0.6190954633720439,-0.08630397412675066
228,2020-02-07,0.2189680705083181,0.1030681755248966,0.6205476470612328,-0.3227406702433149,1.3903301528760532,-0.1683506615388814,0.4927228933141125,0.1920063271681991,0.06646272858293269
229,2020-02-10,0.2399666809636642,0.119891912743681,0.7005996075087164,-0.3253170278574208,1.420190703697892,-0.2863309695945351,0.7932472594857939,0.7589470347174911,0.06646272858293269
230,2020-02-11,0.2596185871855299,0.1356779483606897,0.6266285717525444,-0.3304179353810644,1.4860163440426255,-0.2697287446273259,0.6411014141618699,0.4559845352776841,-0.27726235251385484
231,2020-02-12,0.2820137798089268,0.1531632203506067,0.6861391705515227,-0.335026712217736,1.547140152934164,-0.3471599045488396,0.8814274891675696,0.8868312496360005,-1.0792875417396923
232,2020-02-13,0.3013664184233554,0.1718937342626542,0.6136518843375213,-0.3403612509970668,1.6142794955969617,-0.3094504099145993,0.7545595501039247,0.7511658127039096,1.2122129989055577
233,2020-02-14,0.3191977800332975,0.1921289154972744,0.6743357715533448,-0.3475267476206992,1.680554304275867,-0.2879702280479458,0.8548389610044222,0.8487299724941982,0.06646272858293269
234,2020-02-18,0.3366550571339419,0.2114431365603206,0.5732978142810223,-0.3589122320429327,1.6897807011520756,-0.175837221623187,0.6602687852444121,0.6972869311370555,1.2122129989055577
235,2020-02-19,0.3541871511364442,0.2318858581152973,0.6546621340595347,-0.367960347495441,1.7586844492679554,-0.2110021208419778,0.9541731229627706,0.9901025535795592,0.06646272858293269
236,2020-02-20,0.3702229071017502,0.2497862107459236,0.525754169710283,-0.3724818342856642,1.606031299262126,-0.0515780571974055,0.4244469991177722,0.6077957550408483,-1.0792875417396923
237,2020-02-21,0.3804728226565557,0.265390648582621,0.3793428576265942,-0.3788242982008648,1.329393564164665,0.3715729446106268,-0.4988728514571702,-0.313660046647843,0.06646272858293269
238,2020-02-24,0.3777045972877406,0.275741722060331,0.1718862698247315,-0.3847865831964663,1.2746022307278455,1.1639020970407663,-1.629016445611981,-1.1593837980260695,0.06646272858293269
239,2020-02-25,0.3660082216303092,0.2815269084902295,-0.1362948760062228,-0.3940836848475402,1.2891981176894338,2.011449221321717,-2.2005233683746974,-1.3689542968614914,0.06646272858293269
240,2020-02-26,0.35540916053349,0.286663531419018,0.1367522559132946,-0.4043763506696533,1.3027514412966237,2.415232716510742,-2.066123981090604,-1.2626837007641938,-0.8501374876751674
241,2020-02-27,0.3318917143821954,0.2847826972658002,-0.1953814064542046,-0.4156512868481281,1.4346252421031382,3.185885213831389,-2.7802649046096017,-1.203800760998515,0.06646272858293269
242,2020-02-28,0.3088979865439188,0.2827332366022939,0.3523542859212514,-0.4188486109164652,1.6230591501545597,3.435165877003934,-2.5732627420563583,-0.4508844183734638,0.06646272858293269
243,2020-03-02,0.2993463620731383,0.2873769512702392,0.6951768212281894,-0.4196308754533525,1.5593580411360626,2.785636433149854,-1.2762965405653242,0.3153277052359091,-1.0792875417396923
244,2020-03-03,0.2868270004952483,0.2875715203205712,0.2300277056798455,-0.4306684941985125,1.4464485797898796,2.6758920218554465,-1.802170673069082,-0.2171510230906039,-1.0792875417396923
245,2020-03-04,0.2792455544401117,0.2918001543478065,0.4490526430474632,-0.4333432686346822,1.341604079968424,1.983850971543058,-1.0611177477451412,0.3617648036364766,1.2122129989055577
246,2020-03-05,0.2639080895588315,0.2916444991075405,0.2090133070485889,-0.4423528775801448,1.2551151149336064,1.8058800147413865,-1.477229242356901,-0.0824834377289581,0.06646272858293269
247,2020-03-06,0.2418869814447332,0.2887519058925922,-0.073201732108063,-0.4474368988395575,1.274344140911178,1.825907574026721,-1.7207101009899004,-0.3703934478124799,0.06646272858293269
248,2020-03-09,0.210089798154277,0.2773501595430829,-0.3627033036698298,-0.4550996562708922,1.3877558826074718,2.563447524836577,-2.4075808648588235,-0.9492399654374708,0.06646272858293269
249,2020-03-10,0.1884677135167656,0.2719670824838738,-0.0142199945320366,-0.4556228111201628,1.4150689473369826,2.189903178251841,-1.5120136003981806,-0.2242225887319658,0.06646272858293269
250,2020-03-11,0.1507350560120886,0.2613954974157866,-0.3242120003652836,-0.4636885061312391,1.4465597124527527,2.327907736177916,-1.905677904008542,-0.7806762015908374,1.2122129989055577
251,2020-03-12,0.0919289711502074,0.2412511150713201,-0.644910507845401,-0.4709462024263677,1.5914448119811535,3.271363300668041,-2.5104116503553446,-0.959429467610306,0.06646272858293269
252,2020-03-13,0.0522760131644596,0.2318469443052312,-0.3224540264852861,-0.4695929553559247,1.6225692190410317,2.5542662226710138,-1.4169723354866086,0.1997926068414038,0.06646272858293269
253,2020-03-16,-0.0132386538975261,0.2056838926704665,-0.7202986958045571,-0.4765617309326072,1.7222074896565476,3.368643409856736,-2.1711432211662247,-0.8004789006634541,0.7539128907765077
254,2020-03-17,-0.0700994993110508,0.1870312063785529,-0.2266233935137696,-0.4768647196551964,1.814728740942385,3.0366226987796727,-1.6829525799257683,-0.2055255901477437,-1.7667377039332675
255,2020-03-18,-0.1331701475789469,0.1644482252699143,-0.7526072196637417,-0.4790656555830753,1.9220303137721544,2.9707274235750925,-1.8596248819831864,-0.4513159781235291,0.352900296163589
256,2020-03-19,-0.1982359132297726,0.1422543822619424,-0.1480688938253479,-0.4864694067555978,1.955763094359825,2.6735668455898685,-1.8321202584312224,-0.4201624413422389,0.06646272858293269
257,2020-03-20,-0.2709330028703098,0.1145088356844719,-0.5909607868684983,-0.4971083244232314,2.0013446323124358,2.699846809421731,-2.046880329350006,-0.8179691417802651,0.06646272858293269
258,2020-03-23,-0.3462736230432294,0.0845970870132942,-1.0069904472762332,-0.5017984564365642,2.0872094544977786,2.577841760258176,-2.088017680974281,-0.6373068600603462,0.06646272858293269
259,2020-03-24,-0.4031843463913272,0.0640765378381846,-0.6381146411304693,-0.5032750994504183,1.962213984059569,1.3816122428671018,-1.3173375275440011,0.1871671501087577,-1.0792875417396923
260,2020-03-25,-0.4632623185848263,0.041947551180323,-0.9195902539476236,-0.5081713524618401,1.742508968395888,0.4830136003066905,-1.324489670685802,0.3217615862545443,-0.7355624606429049
261,2020-03-26,-0.5091001404576591,0.0264468835038019,-0.6432808317806011,-0.5086856526425751,1.4986483189978064,-0.7931193459716573,-0.8593857202503716,1.1121447666385549,-0.7928499741590361
262,2020-03-27,-0.5584543567179068,0.0061079321090026,-0.9296758333438432,-0.5174836539835741,1.2733857688438566,-1.174555105224867,-1.1728665454980305,0.5710072811405413,0.9257754313249015
263,2020-03-30,-0.5898525165317787,-0.0116627078214011,-0.6971717903993981,-0.5199619803828968,1.0391127249613108,-1.849236736962738,-0.8606826258389183,1.2318926011685665,-1.0792875417396923
264,2020-03-31,-0.6176095871218008,-0.0321832569965107,-0.8929914725510493,-0.5257059991861776,0.7884192008045249,-2.06438715407288,-0.9960587281334222,1.134077263514032,0.06646272858293269
265,2020-04-01,-0.6556664512012043,-0.05749020480981,-1.1622445148822045,-0.5329573489510832,0.6582231747285736,-1.688376950396126,-1.3217221001868993,0.4645007036442222,0.06646272858293269
266,2020-04-02,-0.6773134748060022,-0.0809811748200009,-0.945687596555029,-0.5353182473748379,0.5375677124352624,-1.6587961650433098,-1.1351998545459268,0.8932704468771427,0.06646272858293269
267,2020-04-03,-0.7034993904569674,-0.1065605193037661,-1.1002913607312963,-0.5392798662886318,0.4114899995701792,-1.471090186226708,-1.2424024963925722,0.6665293043419553,0.06646272858293269
268,2020-04-06,-0.7260691558513703,-0.1232675150923515,-0.924066966262648,-0.5400419579256782,0.2352457419519469,-2.1610279756832336,-0.5842522231991104,1.735027213961585,0.06646272858293269
269,2020-04-07,-0.7418804611110964,-0.1380028778375636,-1.1409921287006195,-0.5465468935929021,0.1316704371527096,-2.4460246273846544,-0.6592242235268652,1.3035481483676516,-1.652162676901005
270,2020-04-08,-0.7616071842348227,-0.1522064185118647,-1.0066780274056375,-0.5490144920077704,0.0354933684105604,-2.8283761641354346,-0.4465807028148192,1.6448666533249376,0.06646272858293269
271,2020-04-09,-0.7741265458127127,-0.1666953271266534,-0.8144281585089117,-0.5562332783014003,-0.0259831119897944,-2.969642201866004,-0.4445766703263478,1.6480124459973546,0.06646272858293269
272,2020-04-13,-0.7815334190968433,-0.1820014257528416,-0.6905296851881766,-0.5589855505894638,-0.1172363960816137,-2.9673820855229254,-0.4241875683175113,1.394176086129103,0.2956127826474577
273,2020-04-14,-0.7639763861270535,-0.1894080209355136,-0.5349122703345845,-0.5618709060945076,-0.1120575711403005,-3.2901860033213186,-0.0603066720698679,1.677084156411929,0.06646272858293269
274,2020-04-15,-0.7643504706363521,-0.2008486810950871,-0.6615363376987922,-0.5680790759825128,-0.12832772110105,-3.1039665608230598,-0.3160708294917737,1.2576905169163206,0.06646272858293269
275,2020-04-16,-0.7521303766659019,-0.2141182903277925,-0.5456393388067919,-0.5715009414687822,-0.1292866079792967,-2.976912942123214,-0.2028984655842431,1.4884679693371858,0.06646272858293269
276,2020-04-17,-0.7174153342029084,-0.2266485371692304,-0.4071325432609636,-0.575981682597452,-0.0965988056852584,-2.898319894259832,-0.078523292009291,1.6436872678883063,0.06646272858293269
277,2020-04-20,-0.7075145641901149,-0.2421232623057072,-0.5070628300829924,-0.5815730144462193,-0.0777072062112865,-2.524573836851331,-0.2892364396382269,1.3473930639627565,-1.0792875417396923
278,2020-04-21,-0.6784606673011873,-0.2610872590781536,-0.6675085520276081,-0.5863474868041849,-0.2208796223021138,-1.6989271606283214,-0.791402211960655,0.5842756178811254,0.06646272858293269
279,2020-04-22,-0.6534718220799803,-0.2776645421665165,-0.5498271361944628,-0.5893890889010356,-0.3215979057171347,-1.4920452817860168,-0.4000072904063223,1.255733705913844,0.06646272858293269
280,2020-04-23,-0.6228966481865681,-0.294566107005433,-0.6534917708741129,-0.5944076029499462,-0.3937405872088934,-1.2023019236568242,-0.4825138051641684,1.1165828936343474,0.8684879178087702
281,2020-04-24,-0.5885058122983,-0.3105207691327321,-0.5708082361561262,-0.595940196511441,-0.466021800028066,-1.1768163435716623,-0.2597971579938921,1.211758993095064,0.6393378637442452
282,2020-04-27,-0.5439897556916594,-0.3251783042578093,-0.4944240262270774,-0.60177031266456,-0.4995329283611636,-1.1809954144033366,-0.168289174552056,1.0938278692321948,0.06646272858293269
283,2020-04-28,-0.5007705253839233,-0.3418853000463939,-0.6181560061998462,-0.6066893120113357,-0.5030199217310107,-0.9572854973533786,-0.3600921789946206,0.3572777898876937,-1.0792875417396923
284,2020-04-29,-0.4662549946592233,-0.3535335005263238,-0.5058915004114175,-0.6087861288445103,-0.4583379905410425,-1.2014008801540252,0.0832857684420528,1.2907799310501935,0.6011461880668243
285,2020-04-30,-0.4325125719204071,-0.3672311616697592,-0.6570145742425535,-0.6167930979026485,-0.4168476258646443,-1.219433807296186,0.0127081822843793,1.1532532772772155,1.7850881340668703
286,2020-05-01,-0.416526693889676,-0.3827577718863246,-0.7744913011949637,-0.6217022491781302,-0.4858938012521996,-0.8292399844921897,-0.4089763839026317,0.3109025229177391,-2.2250378120623173
287,2020-05-04,-0.3886449284632192,-0.3939260353754331,-0.669414411175505,-0.6237580602925654,-0.5723340033549315,-0.6631453054618959,-0.2501130800506623,0.7062916525150432,0.06646272858293269
288,2020-05-05,-0.3657758954613774,-0.398362209723023,-0.584333372246803,-0.6282186280120832,-0.5705127317545321,-0.6523630324260413,-0.0846943665902082,1.052753030289274,-1.0792875417396923
289,2020-05-06,-0.337470167591047,-0.3980768417825354,-0.5013756131909894,-0.6330918796557445,-0.554239235029299,-0.67131903912181,0.0100131749866875,1.1875978915141652,0.06646272858293269
290,2020-05-07,-0.2965203833063955,-0.3965721744599617,-0.3981066450559181,-0.6426923109123586,-0.505469894708601,-0.7896710809266364,0.1931183976257809,1.3822418318603795,-1.0792875417396923
291,2020-05-08,-0.2565681577132088,-0.3870512622636711,-0.3235685525440255,-0.6464641911086324,-0.4292755837933459,-0.9622838593896286,0.3704640622765056,1.5516931312261872,-0.7355624606429049
292,2020-05-11,-0.212176795943001,-0.3775822351474701,-0.2218665806251079,-0.6494264418788398,-0.3260491786878702,-1.064060233886727,0.4508138926655872,1.3412961015701228,0.06646272858293269
293,2020-05-12,-0.1885346549552726,-0.3770244705365156,-0.3542875546164492,-0.6546811820071837,-0.2650329455775158,-0.7893541798714186,0.0147900160254041,0.6609934482527938,0.06646272858293269
294,2020-05-13,-0.1669624482523345,-0.3740281071613882,-0.5204978638912404,-0.6586587829492123,-0.3582145842158542,-0.3373867285245631,-0.31452400500946,0.1800853709770411,-1.5375876498687424
295,2020-05-14,-0.1479589551799198,-0.3744042739920332,-0.3712649792458398,-0.6602664005770328,-0.4658168819884093,-0.1432828618039379,-0.1276085190085768,0.213609730620901,0.06646272858293269
296,2020-05-15,-0.1278830865141805,-0.3704739791753091,-0.2339921932202325,-0.6627155577587993,-0.5474510855622403,-0.0321745610712047,-0.0534608804521826,0.3782028002960018,-1.0792875417396923
297,2020-05-18,-0.1027196685219675,-0.3612384349195061,-0.1358913744805633,-0.6678404466126573,-0.5165197480342599,-0.206958087618013,0.2970647312465456,1.1412489738609024,-0.23907067683643402
298,2020-05-19,-0.0870829360332467,-0.3439736745199672,-0.234283066892856,-0.6738351622672825,-0.4679351118432633,-0.2218487958004264,0.2125184977287948,0.9060838500152564,1.7850881340668703
299,2020-05-20,-0.0616451894008814,-0.3309375481476635,-0.1451993320045164,-0.6795720617455103,-0.3963595292667957,-0.4402625328615206,0.5209372597446045,1.3960737753451278,1.2122129989055577
300,2020-05-21,-0.0421179780154477,-0.314425121409411,-0.245984611136984,-0.6854953305859909,-0.3661242938444997,-0.3417956119417918,0.1798909372976292,0.98944844265194,0.6393378637442452
301,2020-05-22,-0.0245609450456579,-0.2872373394428939,-0.1554435697676214,-0.6911196809026711,-0.3677731760147855,-0.2631179854280125,0.2355346155887435,0.7711583908779682,0.06646272858293269
302,2020-05-26,-0.0037618463286062,-0.271269706045575,-0.2827688679385578,-0.697044547694051,-0.2994498265027002,-0.1452176802775263,0.2106483338924333,0.5990042930957669,0.06646272858293269
303,2020-05-27,0.0272871679432535,-0.2400089452920895,-0.0924924349015506,-0.6996736811974982,-0.3527341501320681,-0.0880180270750673,0.3070473344569731,0.7856180205798814,0.06646272858293269
304,2020-05-28,0.0500315061086625,-0.2151819344696107,-0.196048359218705,-0.7045550421858735,-0.3443164262273903,0.019378295939593,0.2508094588808839,0.7171674848287238,1.2122129989055577
305,2020-05-29,0.0771651025165212,-0.1851664156382567,-0.021940389014499,-0.7092014698570435,-0.3527413522724139,-0.0217233843655555,0.4776967259878906,1.1311507793494202,0.06646272858293269
306,2020-06-01,0.0997598068782098,-0.1555270636375449,-0.1527816349454303,-0.7171285395904787,-0.3605644978856503,0.0014325436394101,0.4672666106506681,1.120625780336182,0.06646272858293269
307,2020-06-02,0.1227535347164863,-0.1204138356874692,-0.0430174674944018,-0.7205311441582621,-0.3384897248241247,-0.0555232908582536,0.6440138026435434,1.353138830432547,0.6011461880668243
308,2020-06-03,0.1505106053065085,-0.083497601204307,0.0648888300678494,-0.7271200059036445,-0.2750228964962852,-0.1403180361036767,0.7864300766323039,1.3499614828787267,0.06646272858293269
309,2020-06-04,0.1674691030614205,-0.0567248998785001,-0.0092438021731134,-0.7307946008283434,-0.2561257896075711,-0.0390873808770181,0.474696462268824,0.9703333213084364,0.06646272858293269
310,2020-06-05,0.1917347182313141,-0.0265537258068782,0.0923974486424281,-0.7330036271328185,-0.1699860571549304,-0.2532725184895584,0.9481124747281512,1.0546100922694288,-1.0792875417396923
311,2020-06-08,0.2233573287507652,-0.0017915713345125,0.1713848310355623,-0.7355933505583977,-0.0805570287727946,-0.3931145156817751,1.03089097062793,1.186801309300148,0.06646272858293269
312,2020-06-09,0.2532840894947256,0.0282758325769311,0.2434069152478931,-0.7387367121943361,0.0362632067401015,-0.4742528779740267,1.10957036686251,1.1416389347255014,0.06646272858293269
313,2020-06-10,0.2843331037665845,0.0563197183649127,0.3628394493525901,-0.7432451327882484,0.2075323514427386,-0.6657587343227072,1.3692892442717366,1.256593617967421,0.4101878096797202
314,2020-06-11,0.2991717893021314,0.0787600155033071,0.1682283130326476,-0.7493017020060563,0.071219788575691,0.0426340511637281,-0.4724251394688328,-0.351302640692243,0.2956127826474577
315,2020-06-12,0.3137610851648125,0.1076470338427316,0.3801988293096682,-0.753836001088857,-0.0760080019953247,0.3742190906474263,-0.224346403292253,-0.0081371741280469,1.2122129989055577
316,2020-06-15,0.3273278833687414,0.1354833793103577,0.526732562972744,-0.7554165558093475,-0.2324572698146143,0.4911628517737152,-0.0450458676182774,0.2492369257950991,-1.0792875417396923
317,2020-06-16,0.3445607097638049,0.1675353875351974,0.6635303532703297,-0.7591489169435056,-0.2730634144074583,0.3189547406670383,0.3246840512819933,0.5152074190827894,-0.6209874336106423
318,2020-06-17,0.3665319399433291,0.1912598404057872,0.578696116245672,-0.7657648527895867,-0.3081311546811555,0.2430191635511876,0.3189349262155752,0.5084581318017796,1.2122129989055577
319,2020-06-18,0.3935159025474656,0.2165149031389978,0.6458673677963719,-0.7703546723361415,-0.3544956249338741,0.1706435849265691,0.4002592212187248,0.4887979159704251,0.06646272858293269
320,2020-06-19,0.4159360341381491,0.2380601826458597,0.4926934876673445,-0.7763220452295215,-0.3469425164278572,0.2500612067692807,0.1818048404715159,0.1966551204344594,0.06646272858293269
321,2020-06-22,0.4419224380508218,0.2620181183768513,0.5648634571475749,-0.7778744946492759,-0.3399289156722702,0.0905060720668712,0.5352875328692617,0.8998635802713886,0.6393378637442452
322,2020-06-23,0.4641679968704975,0.2866765026890406,0.6580409696506161,-0.7838042263631785,-0.2620175139345683,-0.0632361764360883,0.6622746374848616,0.9750114957425048,0.6393378637442452
323,2020-06-24,0.481500579134709,0.3038245216583805,0.5335352852961214,-0.7877507244500969,-0.3543722230009684,0.184561948807355,-0.0576242493956952,0.1854396107037932,-0.39183737954611736
324,2020-06-25,0.4969377998851337,0.3250844332247539,0.6340894324867064,-0.7894241570091989,-0.4612271115089603,0.2105057692582519,0.1938532879161532,0.6229513045780577,1.2122129989055577
325,2020-06-26,0.5107290487946426,0.3424140499744041,0.4172778772744058,-0.7981808993878157,-0.5648630805858389,0.5147299799423309,-0.3581091599184778,-0.0572426569920854,0.06646272858293269
326,2020-06-29,0.5263907202506483,0.3596917816439647,0.5081009779626762,-0.7995850349261662,-0.712257038297794,0.5815028176859736,-0.1309630300041553,0.3153258948227137,-1.0792875417396923
327,2020-06-30,0.5467409175565416,0.3810943771805833,0.5888992203581029,-0.8012371432579571,-0.7427484567811421,0.4049307356530757,0.2126972304629718,0.9271586542250072,1.2122129989055577
328,2020-07-01,0.5661933120401165,0.4073611989755253,0.6952062024072423,-0.8076137985740063,-0.7555671672909898,0.2918498538017972,0.2443028011974989,0.9852656760676836,-1.0792875417396923
329,2020-07-02,0.5875660070047611,0.4303073756447845,0.7889546891565445,-0.8141780716240445,-0.7270478808208711,0.1700270485219058,0.3573726813213478,1.105218939871613,0.2956127826474577
330,2020-07-06,0.6104849179411762,0.4563407145793268,0.8675307350429383,-0.8196249507353015,-0.6459571622891402,-0.1063360626042677,0.6804622060531047,1.015255641813238,-0.16268732548159234
331,2020-07-07,0.6307602983452097,0.4786383277474769,0.7898488563723872,-0.823167647753962,-0.6165335403504544,-0.0943654319968084,0.3243502628256588,0.5039006233800715,-1.0792875417396923
332,2020-07-08,0.6529809181975997,0.5021552402977131,0.8551093519120146,-0.8255016420332124,-0.5892116056931027,-0.2571013303804851,0.6254715646529121,1.1365941207634842,0.14284607993777437
333,2020-07-09,0.6743037352276722,0.5276826997013896,0.9421158374413156,-0.8279688664334778,-0.5252708882799373,-0.3548397002702247,0.6922748855727707,1.1531084688270967,1.6705131070346078
334,2020-07-10,0.6975468527388144,0.5485923869771641,0.8700114859276367,-0.8309890057728845,-0.4658973649677123,-0.352037355096383,0.6814100638855807,1.142558138889638,-1.0792875417396923
335,2020-07-13,0.7090187776906648,0.5671802169189674,0.7284412127792278,-0.8351931777141752,-0.3444349084683932,-0.0086650906515143,-0.062269511347003,0.2486428475646125,0.06646272858293269
336,2020-07-14,0.7222114913852951,0.5904895891488489,0.8756076211645757,-0.8364965701359921,-0.3579113506721564,0.0969852296856403,0.1917993676790606,0.6182183265533666,0.06646272858293269
337,2020-07-15,0.7356535947527902,0.6130466277174413,0.9920511099869594,-0.840125236142909,-0.3120983864367875,0.127381231868068,0.3095223999994482,0.7952418753126819,1.2122129989055577
338,2020-07-16,0.741713763803443,0.632347877510465,0.9079200625143008,-0.8444773007218701,-0.3312809692824857,0.348451648352754,-0.1177750489066168,0.3915039570896783,-0.8501374876751674
339,2020-07-17,0.763535360179247,0.6514156444430886,0.9701611522199268,-0.8475256188097918,-0.3335083610617949,0.4446840435206419,0.0011234653693451,0.5498934480848586,0.06646272858293269
340,2020-07-20,0.7888982899097525,0.6721956190186424,1.0534979284855228,-0.8484098122154504,-0.2282221310955207,0.1810659708566839,0.5489326497875988,1.087315840536753,0.06646272858293269
341,2020-07-21,0.8092734261829316,0.6898495175188472,0.9614623644750036,-0.8521853997566916,-0.111252261368028,0.1834428891786151,0.1961137582954433,0.213047019271581,1.5559380800023452
342,2020-07-22,0.8265810694798557,0.7078147264995857,1.0350524242761232,-0.8562744660498031,-0.0026373823353561,0.1059321357782426,0.3671343834328915,0.5952124321599517,0.06646272858293269
343,2020-07-23,0.8370055578056681,0.7246644062584136,0.9207126278739256,-0.8598433375409076,-0.0764119369780871,0.4474891025924482,-0.4629397003311413,-0.6546932711690606,-0.8501374876751674
344,2020-07-24,0.8431654827254672,0.7419032241179081,0.8085176575425888,-0.8624722824346422,-0.2578835020531597,0.8379901038981757,-0.7834827133431771,-1.0160505629981482,0.06646272858293269
345,2020-07-27,0.8550863090884777,0.7597646629384692,0.8913138201136116,-0.8659759982294276,-0.4000549949040751,0.8676720395201996,-0.4044439056254522,-0.3309051134851634,-0.39183737954611736
346,2020-07-28,0.859276055592633,0.7754598996653232,0.804025275265403,-0.8717828080342195,-0.5374158326582122,1.0317239781426757,-0.7154692768806713,-0.8468788470690144,0.7539128907765077
347,2020-07-29,0.8653861025778581,0.790208233680557,0.8686002099604633,-0.8745429131307194,-0.6361467249167922,0.9204378198889452,-0.3710115202204957,-0.2124849123347708,0.6393378637442452
348,2020-07-30,0.8787035111089203,0.8061499245378307,0.9741609100616594,-0.8766321551521852,-0.7522548722883065,0.7582687801191051,-0.2432997282092007,0.0328140757624693,0.9830629448410327
349,2020-07-31,0.8953876802236782,0.8228569203264152,1.0974923266266738,-0.8782142346759979,-0.7342628447569404,0.3082517481531823,0.2781836490937175,1.12157303024737,-1.0792875417396923
350,2020-08-03,0.9236684691267204,0.8447394528538552,1.216618317096586,-0.8828686682000441,-0.6101185623645997,-0.3031053335107482,0.7056399399893283,1.3484822247771495,-1.0792875417396923
351,2020-08-04,0.9499292016795452,0.8665441577611613,1.3046227833410495,-0.8882127413902584,-0.4948417287145686,-0.677751576639967,0.7472371604412759,1.429984574373684,-0.08630397412675066
352,2020-08-05,0.9727483567468148,0.8889974261695792,1.3680871094679108,-0.893779634332656,-0.3659202198067909,-0.899476036625054,0.8104506095332468,1.4212849775002547,-0.39183737954611736
353,2020-08-06,0.9990340282669264,0.9127867353902812,1.4483927274278845,-0.8958279577035629,-0.201626064635524,-1.1590478676764715,1.0425776012663526,1.5455168011069564,-1.0792875417396923
354,2020-08-07,1.019658554212972,0.9346303541076544,1.3138455354457494,-0.9009428189507702,-0.0974880062138876,-1.010763951105983,0.4967578829683959,1.1397563432809037,0.2956127826474577
355,2020-08-10,1.035020958061538,0.9545412535917208,1.2331393540780216,-0.903283253929704,-0.0663441353344612,-0.7878815215120664,0.3995703535519825,1.0648838778487146,0.06646272858293269
356,2020-08-11,1.0481388548543076,0.9719097841514373,1.140860905653999,-0.9072716741817716,-0.0866268506286359,-0.3127578810389577,-0.1904247460260718,0.5842509545904729,0.2956127826474577
357,2020-08-12,1.063226930062722,0.9913148041046388,1.210380692783659,-0.9091617341006648,-0.0770824132007666,-0.2753638153855459,0.2807531969928478,1.1808154372275887,-1.0792875417396923
358,2020-08-13,1.0774670803833892,1.0098118351562866,1.2664674048503413,-0.9126636662027328,-0.0396255906412681,-0.2034392588342965,0.2897209047278612,0.9788108533928704,-1.0792875417396923
359,2020-08-14,1.0915825358676228,1.02924279764953,1.2256559677732526,-0.9157648035713868,-0.0271659979613422,-0.0964806061604585,0.2644883695631529,0.9555244677938608,0.06646272858293269
360,2020-08-17,1.1130051087668424,1.0463519028088035,1.2656858654875347,-0.9224509919742884,0.0144401963666453,-0.0780208691488833,0.4116427674074226,1.1634436298825126,-1.7667377039332675
361,2020-08-18,1.1325073811849886,1.0633572378078997,1.3094148536445749,-0.924797093951824,0.0736489198059217,-0.0747689570301088,0.4953466791976493,1.2865555039972387,0.06646272858293269
362,2020-08-19,1.1502389869257852,1.0795713253356398,1.239686460143639,-0.9302743072166118,0.1495722161539136,-0.0092350994170984,0.4425780541202487,0.9263384863305436,2.3579632692281827
363,2020-08-20,1.174953503506839,1.0955778725430276,1.3023809993793147,-0.9317011774888592,0.2539837754712868,-0.1182543280011013,0.7495413825545297,0.653726185120768,-1.3084375958042174
364,2020-08-21,1.2019873440455486,1.1209885905165025,1.3772471817239644,-0.9346550056374447,0.402302494504705,-0.3229701811575137,1.0097389022239234,0.9946604019725408,0.06646272858293269
365,2020-08-24,1.224881316014679,1.146087998009446,1.4577545504467675,-0.938270508219051,0.5909580453851013,-0.5197664579458101,1.175188731243025,1.0200192930900582,0.06646272858293269
366,2020-08-25,1.2518902175861029,1.1707334110516128,1.548974297052252,-0.9438235945199648,0.7661381997740405,-0.6462286936722609,1.2681869736335656,1.2187316034947395,0.06646272858293269
367,2020-08-26,1.2826898421850952,1.1957549909244236,1.629591355510186,-0.9468670497155278,0.9999854368479963,-0.949907107760794,1.6046917909950915,1.3904436239165856,-1.0792875417396923
368,2020-08-27,1.320671889362639,1.2209322260375013,1.718587926234002,-0.9503524734320604,1.2335516407019047,-1.055579856837049,1.6176825365095924,1.284212484842522,0.9066795934861909
369,2020-08-28,1.3644148379833922,1.2468877373519085,1.782700597045297,-0.9547290851246306,1.46119691779874,-1.150934664320576,1.7535716123420253,1.4520911602188389,0.06646272858293269
370,2020-08-31,1.4050653546606058,1.2742311745586925,1.875936871906444,-0.9601601180964372,1.689196970526852,-1.1462870523223252,1.8015991612622089,1.3411134473522408,1.2122129989055577
371,2020-09-01,1.4544943878227132,1.3021194051064082,2.0013582696747534,-0.963530025455176,1.9331775314758453,-1.3226563500559931,2.062106702952294,1.515923507185946,1.6705131070346078
372,2020-09-02,1.5029009233260686,1.3304746013749218,2.1991670576482845,-0.9679172633423644,2.1858077118225063,-1.445094218617464,2.167858754192668,1.4849638595159242,0.06646272858293269
373,2020-09-03,1.532254087822436,1.3526684443828936,1.9339431543379144,-0.9739273429285652,1.9994882215020136,-0.479337964842845,-0.2104549024026142,-0.0767873354973449,-0.5064124065783798
374,2020-09-04,1.5509832522546982,1.3710876478144092,1.6276727645180329,-0.975752531505838,1.7176340011902642,0.4229758212116621,-0.5795451229271102,-0.2359463885486655,0.06646272858293269
375,2020-09-08,1.5500605104650924,1.3853171310287555,1.39330693419427,-0.983526050392117,1.471065574226467,1.6974511467821356,-1.5155948972006426,-1.1668050212799737,0.6393378637442452
376,2020-09-09,1.5574175058146498,1.4028024030186708,1.5734321698685063,-0.9869863767287697,1.1927924675105126,2.0040230526672675,-0.840288584571708,-0.4719048222289385,0.06646272858293269
377,2020-09-10,1.5573426889127893,1.414632201278911,1.4161948726764657,-0.9910012512651206,0.9739787523229276,2.4741813086133826,-1.2372400421219651,-0.9679863532181492,1.2122129989055577
378,2020-09-11,1.5512575808948506,1.4251389299968875,1.2341960971512904,-0.995291303401255,0.824534020216393,2.796156652966981,-1.3614964201540969,-0.9116627379761364,0.06646272858293269
379,2020-09-14,1.5551231208242795,1.4378767171586813,1.355296502853556,-1.000613854320051,0.6592292159996667,2.596997136453186,-0.9395099028559288,-0.4949442430945944,0.2956127826474577
380,2020-09-15,1.5625549330756958,1.449732457958965,1.4447151831830984,-1.0050372376469716,0.4482632268593413,2.2282871803676003,-0.7465281042466275,-0.292898912242937,-1.5375876498687424
381,2020-09-16,1.570560341574706,1.460719123667764,1.3485554810061895,-1.0091790984202826,0.2942374878055128,2.136741028623627,-1.0420418533090197,-0.6103987178669698,1.2122129989055577
382,2020-09-17,1.5700865011962584,1.4683202879007682,1.199673211764153,-1.012557319438938,0.2419146973017826,2.112492385558664,-1.1931204624558758,-0.778168501520576,0.6393378637442452
383,2020-09-18,1.5647246232296332,1.4729380600286692,0.9948002089736742,-1.0174796064726288,0.2348263652562936,2.252529268490928,-1.4907034047849717,-0.9018938012861082,0.06646272858293269
384,2020-09-21,1.5618317030243842,1.4787751315386564,1.1827506320023282,-1.0187313751578595,0.2631337554109321,2.121637251906792,-1.3015112082266893,-0.5448332476505707,0.06646272858293269
385,2020-09-22,1.5614326795477973,1.489709912167365,1.3078037856598417,-1.0205522353162009,0.1933100909732442,1.7166058553567884,-0.953137657269758,-0.2715904736980836,1.2122129989055577
386,2020-09-23,1.551282519862138,1.4945741384256876,1.1917099328681873,-1.0238806628463022,0.171981240880927,1.8274706072257447,-1.5114795780287762,-0.8415175107934,-1.0792875417396923
387,2020-09-24,1.5430027827229755,1.499490249764099,1.3476192007670378,-1.0269708988502717,0.1760565033638094,1.726220421029435,-1.3865813862416896,-0.7460620392456636,0.6393378637442452
388,2020-09-25,1.5374663319853417,1.5094651564111647,1.4422589166142774,-1.0277043608579826,0.1023061203939115,1.2383561203799744,-0.883793679144885,0.069251773393863,-0.16268732548159234
389,2020-09-28,1.5336756089577752,1.5215543800718492,1.527822786252082,-1.031361589065472,-0.0467026169111562,0.5899180244022274,-0.5160582171815125,0.7542489892017605,0.9066795934861909
390,2020-09-29,1.526418369477364,1.5296873663757642,1.4257182921801397,-1.0395259436870137,-0.1989810651003891,0.1978060869194517,-0.5894753309452385,0.6294130480031249,-0.16268732548159234
391,2020-09-30,1.5200838717865588,1.5404405492241615,1.5350084432757818,-1.043072330479842,-0.3695392123971471,-0.1852639644635583,-0.4223622420122398,0.9980658829428484,0.06646272858293269
392,2020-10-01,1.5108564538905047,1.5516606977933587,1.6675978693603597,-1.0501926913871624,-0.5041273571320053,-0.5754546458236898,-0.2137386410955659,1.2694060580985478,-1.0792875417396923
393,2020-10-02,1.4940725289065997,1.562686277312223,1.4851818810926336,-1.057081050459313,-0.5978862611505709,-0.4176540481836829,-0.8019775910534654,0.3555583227154197,0.8684879178087702
394,2020-10-05,1.4808299372773988,1.5785501405493656,1.5452693303736835,-1.058653667706952,-0.7107679872416238,-0.6158254986650361,-0.3724324743974869,1.1259350825776493,0.06646272858293269
395,2020-10-06,1.4622005287142836,1.5900037719789617,1.4137288123812934,-1.0630878860695925,-0.8489683355108757,-0.4805334411472579,-0.7088049895883813,0.5707647859967708,0.06646272858293269
396,2020-10-07,1.4429975239035746,1.60572495124586,1.4773508175024053,-1.066278913414694,-0.9772972303323234,-0.6356773790494982,-0.3598052146289879,1.2163841758408231,0.06646272858293269
397,2020-10-08,1.4225725096958224,1.620278716210761,1.526856145461242,-1.0707001280318726,-1.0809507005429149,-0.7748240124095714,-0.2621783188730496,1.3365984701429456,0.06646272858293269
398,2020-10-09,1.4241686036021677,1.6363760623083032,1.597495355512817,-1.0737348018833706,-1.1146165989950645,-1.044816144577818,0.0182976999177067,1.519296117648249,-0.2486185957557892
399,2020-10-12,1.437835157675242,1.653225742067132,1.6913378620350883,-1.0755737836093031,-1.0040747999708597,-1.5648253388450133,0.4630082339845277,1.5481771610904498,1.174021323228137
400,2020-10-13,1.4625746132235822,1.6656133049383255,1.6050854934348118,-1.0796657108494747,-0.9014288437340986,-1.6992523345751895,0.2862256541863133,1.3939481836691314,1.2122129989055577
401,2020-10-14,1.4767648856096771,1.6768204822375012,1.5339144840423795,-1.082077526581023,-0.866380122736957,-1.6002758897851177,0.1412822437959849,1.187798903165348,-1.0792875417396923
402,2020-10-15,1.4960177683549587,1.686795388884567,1.4693493430736702,-1.0837587149003791,-0.90788821662762,-1.3680490514207817,0.0141931199538104,0.6153505723451977,-1.0792875417396923
403,2020-10-16,1.516542538431858,1.6943057542274165,1.4128189752032894,-1.0870599409627926,-0.9111044350724312,-1.086959798333598,-0.0685587171692294,0.5138561828140675,-1.0792875417396923
404,2020-10-19,1.525894651164344,1.7011805273391791,1.3314507379342366,-1.0896129317803442,-1.032640882130336,-0.5529032807754029,-0.5726093244404445,-0.1339168327228457,0.33380445832487854
405,2020-10-20,1.533451158252195,1.7089762606225185,1.4027813850661894,-1.0925187988454217,-1.14549615439839,-0.2164083801906362,-0.4920706030418397,-0.0145116685685744,0.12375024209906393
406,2020-10-21,1.544948022171333,1.7191197937798737,1.343177745866877,-1.0961505105461935,-1.2502903357901547,0.0534898624944856,-0.5352491741057114,-0.0682439924379978,0.8302962421313494
407,2020-10-22,1.557392566847364,1.7253460033905257,1.277136690337078,-1.0980562796777191,-1.2963753924768378,0.3148364894243054,-0.6718396842720314,-0.4372409522947134,-1.0792875417396923
408,2020-10-23,1.5743011866676997,1.7313517014107995,1.2266363197809838,-1.1005004061158423,-1.3391686594001866,0.5013238797231594,-0.7027666729870735,-0.4760344221089947,0.06646272858293269
409,2020-10-26,1.5826557407087225,1.734192409545662,1.1375662961095354,-1.1025155145054937,-1.254798106983226,0.9376323682027088,-1.3033817382032171,-1.003951518782182,0.06646272858293269
410,2020-10-27,1.5880924355772084,1.7368126060901434,1.2309240131774344,-1.108148280800474,-1.1764540225960485,1.1094820226836046,-1.1472072744509638,-0.8346637551820604,1.2122129989055577
411,2020-10-28,1.590187308829286,1.732622885872975,1.0705194248834926,-1.1138273191445256,-0.9663676150613686,1.796228227644079,-2.04804073949673,-1.187155669966469,1.7850881340668703
412,2020-10-29,1.5952748581557588,1.7309625633101346,1.165562642256392,-1.1161066970747744,-0.7933865716535689,1.9145454384932048,-1.5776240857244137,-0.7786908884419046,0.8684879178087702
413,2020-10-30,1.5877682290024828,1.7241785890885273,1.038985584778669,-1.1192859110601592,-0.5751234799635677,2.212085945722725,-1.9640492085692096,-0.909729462344341,-0.5064124065783798
414,2020-11-02,1.5755980129666058,1.7158769762743256,1.1567051961445831,-1.122745996147277,-0.3812260577211235,2.252713556381313,-1.8934767874221965,-0.86088819165859,0.06646272858293269
415,2020-11-03,1.5691886983739416,1.7087687203021626,1.2593933963070425,-1.1252417974503188,-0.2924773659366674,1.9135913537977,-1.4071942927598902,-0.4444936875267055,0.06646272858293269
416,2020-11-04,1.5711588767895848,1.7064987480482792,1.4100395156648866,-1.1279728535154874,-0.4200922450896127,1.0435564541473763,-0.5249261202185039,0.5199567261358085,1.8996631610991328
417,2020-11-05,1.5790146514848735,1.705785328197058,1.518699930156162,-1.1329466823457384,-0.5268678943188015,-0.0211281798646896,0.0350216170762235,1.3887213574198165,0.06646272858293269
418,2020-11-06,1.5952249802211858,1.7054869889865476,1.6139693826077683,-1.134559773165024,-0.6598858863023117,-0.7481619030678804,0.095277036566718,1.5245197881683783,-1.5375876498687424
419,2020-11-09,1.6031306328510486,1.7027111372017971,1.4192299484726285,-1.1402426792243372,-0.6754845112462127,-1.0596435016717205,-0.0933372464772271,0.890731095324418,-1.0792875417396923
420,2020-11-10,1.6099639098875853,1.696575726481301,1.3039656243029,-1.143647579736942,-0.8035280133012446,-0.918847599821358,-0.5509149979717691,0.481700349421098,0.06646272858293269
421,2020-11-11,1.6184930366996155,1.6910240229118023,1.3749143161071655,-1.1453817825618249,-0.8880628929477434,-1.1355835862380697,-0.1022780648810421,0.9906752594817884,-1.0792875417396923
422,2020-11-12,1.622907233909349,1.6826964675575544,1.3046306183221303,-1.1482070791904442,-0.957978540268055,-1.075355662956914,-0.31714038747033,0.7963393847313432,0.8684879178087702
423,2020-11-13,1.6254011306380118,1.6848237558411947,1.362666281932654,-1.1505443548747714,-1.0229002127797728,-1.1049669298735512,-0.1533842154685005,0.9814211702079582,0.06646272858293269
424,2020-11-16,1.622732661138342,1.690544085920981,1.43545423554563,-1.1531592490385387,-1.0438761819911633,-1.2047270106794967,0.0298132936745693,1.1924144056512989,0.06646272858293269
425,2020-11-17,1.6203385202788263,1.7021663438608663,1.3867823536992598,-1.156344442429889,-1.0633538676874543,-1.1084441366921298,-0.1255061930444934,1.0684096093819668,1.2122129989055577
426,2020-11-18,1.6163482855129647,1.7074715932999436,1.3400525677882855,-1.1589921001162784,-1.120656102979034,-0.8148652151943274,-0.4152792682056891,0.8333557418266669,0.7539128907765077
427,2020-11-19,1.6160739568728106,1.7173427297868322,1.3995749190588849,-1.1606103142796549,-1.2075529828458411,-0.695676235147767,-0.237117747013058,0.9682268253833728,1.2122129989055577
428,2020-11-20,1.6136049991114343,1.7267339292828994,1.3510186031834563,-1.1637790891053772,-1.2882429427221616,-0.412274730283281,-0.5212648782986997,0.5750761875059089,0.06646272858293269
429,2020-11-23,1.6164729803493976,1.733089851593775,1.30299506602152,-1.165420598801482,-1.3785859255061037,-0.1923608342670547,-0.5283428217786805,-0.0689133306955175,0.06646272858293269
430,2020-11-24,1.6224084545636166,1.740107308675781,1.3697588985560198,-1.1668310306479666,-1.4618633258616218,-0.2360689645896385,-0.1894541381891362,-0.0845958241619167,0.06646272858293269
431,2020-11-25,1.6294412433384469,1.7497449623022698,1.4294340319576944,-1.1715028846452458,-1.5130584824578803,-0.2665434712009245,-0.1367727836703318,0.0119524302339802,0.06646272858293269
432,2020-11-27,1.6394168302531,1.7614061340522222,1.4638384132559843,-1.1751694188323158,-1.528173468221535,-0.3339091880745884,-0.0059732328973418,0.2458962774240318,0.06646272858293269
433,2020-11-30,1.651711741125411,1.7765954912482107,1.621660395911178,-1.178195282541523,-1.6101482542994296,-0.4431422845350123,0.1606851635693708,0.8863635251517463,1.6705131070346078
434,2020-12-01,1.6741318727160934,1.7926020384555963,1.7327271289668842,-1.1826922433737346,-1.585847073072697,-0.6654154633491859,0.4579168588409784,0.755455894055715,0.06646272858293269
435,2020-12-02,1.6946815817602805,1.8061181018187216,1.6541873198679888,-1.1860492444825343,-1.5858922528628818,-0.7248719122055889,0.3975092381574764,0.6770595526724641,-0.39183737954611736
436,2020-12-03,1.727077300265617,1.8240573682594148,1.586731070880476,-1.1909039645830906,-1.5567963573052996,-0.6902920307941592,0.3690549793363253,0.6422167342799074,-1.0792875417396923
437,2020-12-04,1.7580016197010422,1.8427878821714625,1.6374566971426423,-1.1931039978048463,-1.509521990362908,-0.763607030667835,0.6197580883340559,1.09144464584506,0.06646272858293269
438,2020-12-07,1.7959088499767244,1.858599860328516,1.6810652224655658,-1.196874249763468,-1.4324175525639862,-0.7874158402426324,0.6895115889962655,1.0604939511311802,0.06646272858293269
439,2020-12-08,1.834140286827134,1.8721548375017063,1.7196858029579447,-1.198682210446705,-1.340446305898903,-0.7835264687122567,0.7709933451456991,1.10950818651926,-1.0792875417396923
440,2020-12-09,1.861672906711577,1.8831415032105052,1.6351081615636822,-1.201610878136467,-1.3776955302257698,-0.4056089102083794,-0.1273825669924157,0.2617497898679081,-0.16268732548159234
441,2020-12-10,1.8788807941393555,1.8931164098575717,1.68406406147423,-1.2034351140088575,-1.4505943826456102,-0.1376796633381853,-0.0842412110554244,0.3225594638893136,0.06646272858293269
442,2020-12-11,1.8865619960636384,1.9011975110813988,1.6202912329673136,-1.206018153848908,-1.5447622088690842,0.1014487116838449,-0.1754840456837001,0.2331334726813652,1.2122129989055577
443,2020-12-14,1.8942930759224943,1.913649930302704,1.6744299728627898,-1.209887024794701,-1.5431402238430652,0.2213510090861143,-0.0509348938270847,0.2363025210700609,-0.6209874336106423
444,2020-12-15,1.909231517327188,1.925531613643032,1.7189875102691212,-1.2115194603076456,-1.4930968560370508,0.055967731759135,0.4630083401600597,0.7066366190378858,-0.6209874336106423
445,2020-12-16,1.931776343754304,1.9408117697291756,1.769470252117784,-1.213769439733266,-1.3862556617936843,-0.1271193080083109,0.6480839116853734,0.8744433625099002,-1.0029041903848506
446,2020-12-17,1.9499319119389733,1.9546910286529229,1.8258086629516856,-1.2185043775283757,-1.2514153650970232,-0.3306071039107894,0.8536575607352258,1.0786117950278524,-1.652162676901005
447,2020-12-18,1.969608757128128,1.96722127549436,1.739166504042641,-1.223008411923733,-1.1757577935646488,-0.352132878523571,0.6597227014324764,0.5491425691124532,-1.0029041903848506
448,2020-12-21,1.987115912163344,1.9776242340521597,1.8137565033041936,-1.223781960220894,-1.2517317825988203,-0.3307036435484181,0.6895901587917543,0.6116289804690049,0.06646272858293269
449,2020-12-22,2.004498372362128,1.985277283365253,1.8839491194341649,-1.22670574129778,-1.242827462018889,-0.4057360214773555,0.934047939786613,0.9260690542777856,1.2122129989055577
450,2020-12-23,2.0211576025095983,1.9926968498179487,1.828610648060696,-1.230055204853395,-1.2458473749775998,-0.2735725993688271,0.4845071045856611,0.5176929644715706,0.06646272858293269
451,2020-12-24,2.043054015787262,2.002010221693883,1.8500814343399072,-1.2314082516892482,-1.2486515798678317,-0.2472499995111846,0.6847543547386011,0.8707681254498622,0.06646272858293269
452,2020-12-28,2.0661474994946865,2.01387893376419,1.8900937033467575,-1.233867727024097,-1.1822578417546277,-0.3649542927605875,0.9952282254937264,1.2015534059976094,-0.8501374876751674
453,2020-12-29,2.090762260206592,2.025397421543897,1.8467985772670648,-1.236117624111294,-1.0923248784173596,-0.3044135715667326,0.7081854701638804,0.8541328053209902,-0.048112298449329814
454,2020-12-30,2.1152772650493543,2.0396398760282657,1.806931255410209,-1.239386590680826,-1.0111883301983464,-0.203813096058734,0.6745657168220912,0.8300656409107217,0.06646272858293269
455,2020-12-31,2.136201058602839,2.053609933842167,1.8610827271499413,-1.241755501972182,-0.9897203378662988,-0.1162043826712669,0.7227579021392684,0.8953908014528849,-2.2250378120623173
